Date,Open,High,Low,Close,Volume,50-day MA,200-day MA,Close_diff,lag_1,lag_7,rolling_mean_7,rolling_std_7
2012-10-16,90.767143,92.900002,90.14286,92.827141,137442900,94.42225724,82.82849994,2.1471409999999906,90.68,93.227142,90.965102,1.040861538480456
2012-10-17,92.695717,93.255714,92.0,92.087143,97259400,94.48997147999998,82.99519994,-0.7399979999999999,92.827141,91.167145,91.09653028571428,1.125284950990851
2012-10-18,91.370003,91.722855,90.0,90.377144,119156100,94.52648576,83.151771365,-1.7099989999999963,92.087143,90.835716,91.03102000000001,1.1559302660094044
2012-10-19,90.150002,90.252853,87.08857,87.120003,145397275,94.49537155999998,83.288778525,-3.2571410000000043,90.377144,91.558571,90.39693885714287,1.8357732397120872
2012-10-22,87.488571,90.76857,87.251427,90.575714,136682700,94.53060014,83.43994281,3.455711000000008,87.120003,89.728569,90.51795957142858,1.8121396431944279
2012-10-23,90.14286,90.557144,87.385712,87.622856,145397275,94.48305726000001,83.576821375,-2.952858000000006,90.575714,89.958572,90.18428585714287,2.121023484060387
2012-10-24,88.777145,89.507141,87.234283,88.118568,139631800,94.44059998,83.715099935,0.4957119999999975,87.622856,90.68,89.818367,2.238921809093794
2012-10-25,88.571426,88.85714,86.507141,87.077141,145397275,94.37977143999998,83.84866421499999,-1.0414269999999988,88.118568,92.827141,88.99693842857143,1.992277169375969
2012-10-26,87.061432,87.714287,84.428574,86.285713,145397275,94.28737138000001,83.97909992999999,-0.7914279999999962,87.077141,92.087143,88.16816271428571,1.6737335837793723
2012-10-31,84.982857,85.994286,83.957146,85.045715,127500800,94.13654281999999,84.10446421500001,-1.239998,86.285713,90.377144,87.40652999999999,1.7135633109763693
2012-11-01,85.459999,86.14286,84.881432,85.220001,90324500,93.94051421999998,84.22720707499998,0.17428599999999506,85.045715,87.120003,87.13510114285714,1.906169426669996
2012-11-02,85.127144,85.278572,82.10714,82.400002,145397275,93.71405716,84.332699935,-2.8199989999999957,85.220001,90.575714,85.96714228571429,1.950869170187504
2012-11-05,83.360001,83.96714,82.514282,83.517143,132283900,93.4733429,84.444749935,1.1171410000000037,82.400002,87.622856,85.38061185714287,1.9869711500159206
2012-11-06,84.318573,84.391426,82.870003,83.264282,93729300,93.24539994000001,84.56085705500001,-0.25286100000001,83.517143,88.118568,84.68714242857143,1.6982577047990461
2012-11-07,81.977142,82.077141,79.39286,79.714287,145397275,92.94477144000001,84.654135635,-3.5499949999999956,83.264282,87.077141,83.63530614285715,2.1823976237875153
2012-11-08,80.089996,80.318573,76.470001,76.821426,145397275,92.55068574,84.73794990999998,-2.8928609999999964,79.714287,86.285713,82.28326514285713,3.032747883876526
2012-11-09,77.202858,79.26857,76.245712,78.151428,145397275,92.18571425999998,84.80966419500001,1.3300019999999932,76.821426,85.045715,81.298367,3.104731251444741
2012-11-12,79.164284,79.214287,76.949997,77.547142,128950500,91.81245712,84.879807055,-0.6042860000000019,78.151428,85.220001,80.20224428571429,2.831908002255799
2012-11-13,76.987144,78.639999,76.622856,77.557144,133237300,91.46682860000001,84.948107055,0.010002000000000066,77.547142,82.400002,79.51040742857143,2.7968484195583567
2012-11-14,77.928574,78.207146,76.597145,76.697144,119292600,91.10008576,85.008014205,-0.8599999999999994,77.557144,83.517143,78.53612185714285,2.314809605138363
2012-11-15,76.790001,77.071426,74.660004,75.08857,145397275,90.67337144,85.05739992499998,-1.6085739999999902,76.697144,83.264282,77.368163,1.4219283429895007
2012-11-16,75.028572,75.714287,72.25,75.382858,145397275,90.26608565999999,85.108464225,0.29428799999999455,75.08857,79.714287,76.74938742857141,1.1466063652253984
2012-11-19,77.244286,81.071426,77.125717,80.818573,145397275,89.9502571,85.187471375,5.435715000000002,75.382858,76.821426,77.32040842857143,1.9217554354684367
2012-11-20,81.701431,81.707146,79.225716,80.129997,145397275,89.60874282,85.25977850500001,-0.6885759999999976,80.818573,78.151428,77.60306114285713,2.19099711839413
2012-11-21,80.60714,81.052856,79.514282,80.242859,93250500,89.32005722,85.329585675,0.11286199999999269,80.129997,77.547142,77.98816357142857,2.4058986141518033
2012-11-23,81.024284,81.714287,80.371429,81.64286,68206600,89.06551436,85.40292139499999,1.4000010000000032,80.242859,77.557144,78.57183728571428,2.754281271350949
2012-11-26,82.271431,84.285713,81.958572,84.218575,145397275,88.8362001,85.48352854500001,2.5757150000000024,81.64286,76.697144,79.64632742857144,3.31174325592637
2012-11-27,84.221428,84.345711,82.871429,83.540001,133332500,88.55562865999998,85.54896425999999,-0.6785739999999976,84.218575,75.08857,80.85367471428572,2.886450795929597
2012-11-28,82.46714,83.685715,81.751427,83.277145,130216100,88.24608579999999,85.61290713,-0.2628559999999993,83.540001,75.382858,81.98143,1.6847422155517493
2012-11-29,84.317146,84.89286,83.60714,84.194283,128674700,87.93059996,85.67487853,0.9171379999999942,83.277145,80.818573,82.46367428571429,1.7770154349641605
2012-11-30,83.827141,84.057144,83.239998,83.611427,97829900,87.59737134000001,85.72903566999999,-0.5828559999999925,84.194283,80.129997,82.96102142857141,1.4768497154608062
2012-12-03,84.807144,84.941429,83.64286,83.741432,91070000,87.26619992,85.792264275,0.13000499999999704,83.611427,80.242859,83.46081757142858,0.8716431679435922
2012-12-04,83.114288,83.114288,81.732857,82.264282,139267100,86.91519985999999,85.84486425499999,-1.4771500000000088,83.741432,81.64286,83.54959214285714,0.6620840887920615
2012-12-05,81.272858,81.321426,76.96714,76.970001,145397275,86.45434276,85.87105711,-5.294280999999998,82.264282,84.218575,82.51408157142858,2.515539656581983
2012-12-06,75.562859,79.044289,74.089996,78.177139,145397275,86.04419978,85.89419278999999,1.2071380000000005,76.970001,83.540001,81.74795842857144,2.9330185272405775
2012-12-07,79.057144,79.314285,75.714287,76.178574,145397275,85.64337124,85.90862852000001,-1.9985649999999993,78.177139,83.277145,80.73387685714285,3.490384109598282
2012-12-10,75.0,76.93,74.511429,75.688568,145397275,85.25662838,85.91822137499999,-0.49000599999999395,76.178574,84.194283,79.51877471428573,3.5646903947520348
2012-12-11,77.110001,78.508568,76.767143,77.341431,145397275,84.85682842,85.931778545,1.6528629999999964,75.688568,83.611427,78.623061,3.1256201298111512
2012-12-12,78.252853,78.285713,76.610001,77.0,121786000,84.49082836,85.94123567499999,-0.34143100000000004,77.341431,83.741432,77.65999928571429,2.1817881593126938
2012-12-13,75.878571,76.805717,75.114288,75.669998,145397275,84.12025692000002,85.937149945,-1.3300019999999932,77.0,82.264282,76.71795871428571,0.9228398352597507
2012-12-14,73.535713,74.01857,72.225716,72.827141,145397275,83.68734264000001,85.91382849,-2.8428570000000093,75.669998,76.970001,76.12612157142858,1.7191489617253042
2012-12-17,72.704285,74.285713,71.604286,74.118568,145397275,83.2512855,85.895514205,1.2914269999999988,72.827141,78.177139,75.54632571428571,1.5918173635679382
2012-12-18,75.0,76.414284,74.321426,76.271431,145397275,82.8715713,85.88745707,2.1528630000000106,74.118568,76.178574,75.559591,1.5983378407836109
2012-12-19,75.924286,76.242859,75.071426,75.187141,112342300,82.51077128000001,85.88256418499999,-1.08429000000001,76.271431,75.688568,75.48795857142856,1.6028239985462391
2012-12-20,75.714287,75.742859,74.125717,74.53286,120422400,82.17808558,85.87647134999999,-0.6542809999999974,75.187141,77.341431,75.08673414285714,1.4002532250148687
2012-12-21,73.209999,74.238571,72.891426,74.190002,145397275,81.8451713,85.868357065,-0.34285799999999256,74.53286,77.0,74.68530585714286,1.1386969293093168
2012-12-24,74.335716,74.89286,74.101425,74.309998,43938300,81.50019984000001,85.85277135999999,0.11999599999998622,74.190002,75.669998,74.49102014285714,1.055682479166169
2012-12-26,74.14286,74.208572,73.017143,73.285713,75609100,81.17134272,85.82979276500001,-1.024284999999992,74.309998,72.827141,74.55653042857143,0.9434885006150926
2012-12-27,73.362854,73.75,72.094284,73.580002,113780100,80.84377132,85.803407075,0.29428899999999203,73.285713,74.118568,74.47959242857144,1.0051022996704866
2012-12-28,72.898575,73.497147,72.58857,72.798569,88569600,80.4861427,85.761614205,-0.7814329999999927,73.580002,76.271431,73.98346928571428,0.8117440984298808
2012-12-31,72.932854,76.485718,72.714287,76.024284,145397275,80.15008556000001,85.720607045,3.225714999999994,72.798569,75.187141,74.10306114285716,1.0463869985354386
2013-01-02,79.117142,79.285713,77.375717,78.432854,140129500,79.87699977999999,85.69451417500001,2.4085700000000116,76.024284,74.53286,74.66020314285713,1.9561477097959978
2013-01-03,78.26857,78.524284,77.285713,77.442856,88241300,79.61831402,85.66346418,-0.9899979999999999,78.432854,74.190002,75.12489657142858,2.1973306194092355
2013-01-04,76.709999,76.947144,75.118568,75.285713,145397275,79.38162822,85.61053559999999,-2.157143000000005,77.442856,74.309998,75.26428442857143,2.167770380095272
2013-01-07,74.571426,75.614288,73.599998,74.842857,121039100,79.06697107999999,85.55192132500001,-0.44285600000000613,75.285713,73.285713,75.48673357142857,2.004654640098001
2013-01-08,75.601425,75.984283,74.464287,75.044289,114676800,78.81539974,85.49678564,0.20143200000001116,74.842857,73.580002,75.69591742857143,1.8423566460324166
2013-01-09,74.64286,75.001427,73.71286,73.871429,101901100,78.53045696,85.43804277,-1.17286,75.044289,72.798569,75.84918314285713,1.5882571959171774
2013-01-10,75.507141,75.531425,73.645714,74.78714,145397275,78.28465693999999,85.38622845999998,0.9157109999999875,73.871429,76.024284,75.67244828571428,1.633707153547241
2013-01-11,74.428574,75.045715,74.145714,74.328575,87626700,78.04551418,85.32431420500001,-0.458564999999993,74.78714,78.432854,75.08612271428571,1.1397153410629852
2013-01-14,71.811432,72.5,71.215714,71.678574,145397275,77.77817136,85.243792775,-2.650001000000003,74.328575,77.442856,74.26265385714285,1.2318141162104783
2013-01-15,71.185715,71.284286,69.054283,69.417145,145397275,77.46211424,85.14972135,-2.2614289999999926,71.678574,75.285713,73.424287,2.1062007369569726
2013-01-16,70.662857,72.777145,70.35714,72.298569,145397275,77.26008558,85.075599915,2.8814239999999955,69.417145,74.842857,73.0608172857143,2.039060968695787
2013-01-17,72.901428,72.964287,71.718575,71.811432,113419600,77.02597136,85.006407065,-0.48713700000000415,72.298569,75.044289,72.59898057142858,1.8744052079038913
2013-01-18,71.21714,71.745712,70.914284,71.428574,118230700,76.78925720000001,84.92167135,-0.3828579999999988,71.811432,73.871429,72.25000128571428,1.8247643704767615
2013-01-22,72.080002,72.554283,70.947144,72.110001,115386600,76.63717147999999,84.83270708,0.6814269999999993,71.428574,74.78714,71.86755285714285,1.445524683717746
2013-01-23,72.687141,73.57,72.110001,73.43,145397275,76.56934296,84.75392137499999,1.31999900000001,72.110001,74.328575,71.73918499999999,1.2115081927622797
2013-01-24,65.714287,66.53286,64.321426,64.35714,145397275,76.29345719999999,84.62307851999999,-9.072860000000006,73.43,71.678574,70.69326585714286,3.0452093338476818
2013-01-25,64.527145,65.175713,62.142857,62.84,145397275,75.99931436,84.48282852499999,-1.5171399999999977,64.35714,69.417145,69.75367371428571,4.272104589430824
2013-01-28,62.547142,64.744286,62.265713,64.261429,145397275,75.73340006000001,84.355249945,1.4214290000000034,62.84,72.298569,68.60551085714286,4.545429574471942
2013-01-29,65.5,65.742859,64.58857,65.46714,142789500,75.50879997999999,84.23529991500001,1.2057109999999938,64.261429,71.811432,67.69918342857143,4.430707533926957
2013-01-30,65.285713,66.085716,64.928574,65.261429,104288800,75.31225716,84.11677136,-0.20571099999999376,65.46714,71.428574,66.81816271428572,4.171089498638953
2013-01-31,65.28286,65.611427,64.997147,65.07,79833600,75.10600000000001,84.00981422999999,-0.19142900000001362,65.261429,72.110001,65.81244828571428,3.4727562416747446
2013-02-01,65.587143,65.639999,64.050003,64.802856,134871100,74.78568566,83.91944992500001,-0.2671439999999876,65.07,73.43,64.57999914285715,0.8869311998866888
2013-02-04,64.844284,65.134285,63.142857,63.188572,119279300,74.44685716,83.79989279499999,-1.614284000000005,64.802856,64.35714,64.41306085714287,1.0336993661649059
2013-02-05,63.435715,65.677139,63.174286,65.405716,143336900,74.1501143,83.69239279499999,2.2171439999999976,63.188572,62.84,64.77959171428571,0.8146201533393282
2013-02-06,65.209999,66.64286,64.654289,65.335716,145397275,73.82397142,83.599471385,-0.06999999999999318,65.405716,64.261429,64.93306128571429,0.8018257523265058
2013-02-07,66.178574,67.14286,64.874283,66.888573,145397275,73.47737138,83.52464282000001,1.5528569999999888,65.335716,65.46714,65.13612314285714,1.0884005382085158
2013-02-08,67.714287,68.401428,66.89286,67.854286,145397275,73.16365708000001,83.45555712500001,0.965713000000008,66.888573,65.261429,65.50653128571429,1.5011099672957973
2013-02-11,68.071426,69.277145,67.60714,68.561432,129372600,72.86934282,83.39816428,0.7071459999999945,67.854286,65.07,66.00530728571428,1.8672798008062248
2013-02-12,68.501427,68.91143,66.82,66.842857,145397275,72.5223143,83.296664265,-1.7185750000000013,68.561432,64.802856,66.296736,1.8065385265661482
2013-02-13,66.744286,67.662857,66.174286,66.715714,118801900,72.18440004,83.19617141,-0.12714299999998957,66.842857,63.188572,66.80061342857142,1.1775044628527884
2013-02-14,66.360001,67.377144,66.288574,66.655716,88818800,71.84268572,83.09873569,-0.05999800000000732,66.715714,65.405716,66.97918485714285,1.0141616162366887
2013-02-15,66.978569,67.165718,65.702858,65.737144,97936300,71.51214296,83.01029284500001,-0.9185719999999975,66.655716,65.335716,67.03653171428572,0.9119391130380318
2013-02-19,65.871429,66.104286,64.835716,65.71286,108945900,71.28700014,82.923049995,-0.02428399999999442,65.737144,66.888573,66.86857271428572,1.0426361718924464
2013-02-20,65.384285,65.384285,64.114288,64.121429,119075600,71.00588594,82.82510001,-1.591431,65.71286,67.854286,66.33530742857143,1.3605823491125904
2013-02-21,63.714287,64.167145,63.259998,63.722858,111795600,70.75677162,82.72812859,-0.398571000000004,64.121429,68.561432,65.64408257142857,1.2670059694478557
2013-02-22,64.178574,64.514282,63.799999,64.401428,82663700,70.53102882,82.64638572999998,0.6785699999999935,63.722858,66.842857,65.295307,1.2170623250554733
2013-02-25,64.835716,65.017143,63.224285,63.257141,93144800,70.24934302000001,82.555900005,-1.1442869999999985,64.401428,66.715714,64.80122514285715,1.2460063299343243
2013-02-26,63.402859,64.505714,62.522858,64.138573,125374900,69.99211448,82.470750015,0.8814319999999967,63.257141,66.655716,64.44163328571429,0.9495628856268777
2013-02-27,64.061432,64.634285,62.950001,63.509998,145397275,69.74891448,82.381742845,-0.6285749999999908,64.138573,65.737144,64.12346957142857,0.80529676659207
2013-02-28,63.435715,63.98143,63.057144,63.057144,80628800,69.55351454,82.28951430000001,-0.4528540000000021,63.509998,65.71286,63.74408157142857,0.4990589146485298
2013-03-01,62.57143,62.597141,61.425713,61.495716,138112100,69.30105750000001,82.19220002,-1.5614279999999994,63.057144,64.121429,63.368979714285715,0.9506318635563655
2013-03-04,61.114285,61.171429,59.857143,60.007141,145397275,68.97577170000001,82.093507165,-1.4885750000000044,61.495716,63.722858,62.838163,1.5613333324792904
2013-03-05,60.21143,62.169998,60.107143,61.591427,145397275,68.70385742,82.00634287999999,1.5842860000000059,60.007141,64.401428,62.43673428571429,1.4496613831951637
2013-03-06,62.072857,62.17857,60.632858,60.808571,115062500,68.42937164,81.92032859,-0.7828560000000024,61.591427,63.257141,62.08693857142857,1.5127490412896993
2013-03-07,60.642857,61.715714,60.151428,61.511429,117118400,68.17580018000001,81.849228585,0.7028579999999991,60.808571,64.138573,61.711632285714295,1.215626159171092
2013-03-08,61.400002,62.204285,61.23,61.674286,97870500,67.92308594,81.778757165,0.16285700000000247,61.511429,63.509998,61.44938771428571,0.9266743179418347
2013-03-11,61.392857,62.715714,60.734287,62.552856,118559000,67.70842880000001,81.69060717500001,0.8785699999999963,61.674286,63.057144,61.37734657142857,0.7904412532115547
2013-03-12,62.228573,62.697144,61.081429,61.204285,116477900,67.46091446,81.59879287,-1.3485709999999997,62.552856,61.495716,61.33571357142858,0.7908423871347386
2013-03-13,61.207142,62.07143,60.765713,61.192856,101387300,67.2288002,81.49721431,-0.01142899999999969,61.204285,60.007141,61.50510142857143,0.5487937640656669
2013-03-14,61.832859,62.091427,61.492859,61.785713,75968900,66.94402878,81.402342865,0.5928570000000022,61.192856,61.591427,61.532856571428574,0.558710701364644
2013-03-15,62.561428,63.46143,62.464287,63.380001,145397275,66.64297172,81.317607165,1.5942879999999988,61.785713,60.808571,61.900203714285716,0.7974638314037303
2013-03-18,63.064285,65.351425,63.028572,65.102859,145397275,66.39617178,81.23435719499999,1.7228579999999951,63.380001,61.511429,62.413265142857135,1.418856480210688
2013-03-19,65.64286,65.852859,64.071426,64.927139,131693800,66.1890003,81.145300035,-0.17571999999999832,65.102859,61.674286,62.877958428571425,1.6502936565022304
2013-03-20,65.345711,65.375717,64.227142,64.582855,77165200,65.98380026000001,81.05555000999999,-0.3442840000000018,64.927139,62.552856,63.167958285714285,1.7584603220978734
2013-03-21,64.317146,65.425713,64.300003,64.675713,95813900,65.77642873999999,80.978221445,0.09285800000000677,64.582855,61.204285,63.66387657142857,1.5942011117922936
2013-03-22,64.940002,66.014282,64.730003,65.987144,98776300,65.61874304,80.905092895,1.311430999999999,64.675713,61.192856,64.34877485714286,1.3697257850178945
2013-03-25,66.384285,67.135712,65.968575,66.225716,125283900,65.44751456,80.83420002999999,0.2385720000000049,65.987144,61.785713,64.98306099999999,0.9481808855139282
2013-03-26,66.491432,66.548569,65.790001,65.877144,73573500,65.27848594,80.75540002,-0.3485720000000043,66.225716,63.380001,65.33979571428571,0.674913254003559
2013-03-27,65.208572,65.257141,64.389999,64.582855,82809300,65.13657156000001,80.669942865,-1.2942890000000062,65.877144,65.102859,65.26550942857143,0.7315780290153816
2013-03-28,64.260002,64.545715,63.08857,63.237144,110709900,65.01297154000001,80.57161431,-1.3457109999999943,64.582855,64.927139,65.02408157142858,1.0648159753910325
2013-04-01,63.128571,63.385715,61.105713,61.272858,97433000,64.79245732,80.47000004499999,-1.9642860000000013,63.237144,64.582855,64.55122485714286,1.7848828840420703
2013-04-02,61.085712,62.591427,60.914288,61.398571,132379800,64.5842001,80.365450045,0.12571299999999752,61.272858,64.675713,64.08306171428572,2.1410407673766882
2013-04-03,61.624287,62.468571,61.472858,61.712856,90804000,64.38988574,80.26532860500001,0.31428500000000525,61.398571,65.987144,63.472449142857144,2.1168665993226865
2013-04-04,61.965714,62.142857,60.75,61.102856,89611900,64.16974284,80.16260718000001,-0.6099999999999994,61.712856,66.225716,62.740612,1.8784807356985602
2013-04-05,60.642857,60.707142,59.954285,60.457142,95923800,63.910285679999994,80.05480004,-0.6457140000000052,61.102856,65.877144,61.966326,1.434800208603162
2013-04-08,60.692856,61.07143,60.355713,60.887142,75207300,63.84088572,79.94082148,0.4299999999999997,60.457142,64.582855,61.43836699999999,0.8868614125003788
2013-04-09,60.908573,61.214287,60.392857,60.997143,76653500,63.80402858,79.826228605,0.11000100000000401,60.887142,63.237144,61.11836685714285,0.40029536435387153
2013-04-10,61.157143,62.437141,60.85857,62.241428,93982000,63.76362856,79.71905005,1.2442849999999979,60.997143,61.272858,61.256733999999994,0.5866286199059586
2013-04-11,61.959999,62.57,61.599998,62.047142,82091100,63.6952286,79.61666434,-0.19428599999999818,62.241428,61.398571,61.34938699999999,0.659461124604629
2013-04-12,62.021427,62.021427,61.298573,61.400002,59653300,63.61800006000001,79.50787863500001,-0.6471400000000003,62.047142,61.712856,61.30469357142857,0.6410672735824261
2013-04-15,61.0,61.127144,59.935715,59.978573,79380000,63.51617152,79.40007863000001,-1.4214290000000034,61.400002,61.102856,61.14408171428572,0.8168116551253646
2013-04-16,60.224285,60.944286,60.081429,60.89143,76442800,63.437943000000004,79.295942905,0.9128570000000025,59.978573,60.457142,61.20612285714286,0.7711561313499119
2013-04-17,60.03857,60.085712,56.872856,57.542858,145397275,63.32502872,79.17330006499999,-3.348571999999997,60.89143,60.887142,60.728367999999996,1.5962509919182264
2013-04-18,57.855713,57.970001,55.677143,56.007141,145397275,63.137057219999996,79.0468715,-1.5357170000000053,57.542858,60.997143,60.01551057142857,2.378679177114048
2013-04-19,55.424286,57.085712,55.014286,55.790001,145397275,62.94614291999999,78.908678635,-0.21714000000000055,56.007141,62.241428,59.09387814285714,2.6109725573519222
2013-04-22,56.091427,57.457142,55.895714,56.952858,107480100,62.74742862,78.770214355,1.1628570000000025,55.790001,62.047142,58.36612328571429,2.347263516275072
2013-04-23,57.712856,58.34,56.972858,58.01857,145397275,62.5507143,78.63215722,1.0657119999999978,56.952858,61.400002,57.88306157142857,1.9296290223671388
2013-04-24,56.220001,59.32143,56.07143,57.922855,145397275,62.33794276,78.48610007,-0.09571499999999844,58.01857,59.978573,57.589387571428574,1.7003682652845507
2013-04-25,58.747143,59.134285,58.142857,58.34,96209400,62.16788562,78.34502865500001,0.417145000000005,57.922855,60.89143,57.22489757142857,1.0064357507776316
2013-04-26,58.544285,59.824287,58.32143,59.599998,145397275,62.0255713,78.204535795,1.259997999999996,58.34,57.542858,57.51877471428572,1.3548022185708104
2013-04-29,60.064285,61.945713,60.0,61.445713,145397275,61.92137124,78.07732863,1.8457149999999984,59.599998,56.007141,58.295713571428564,1.822237827880062
2013-04-30,62.157143,63.607143,61.724285,63.254284,145397275,61.87171404,77.961864325,1.8085710000000006,61.445713,55.790001,59.36203971428571,2.2462104870220982
2013-05-01,63.494286,63.561428,62.055714,62.755714,126727300,61.812571119999994,77.847857175,-0.49857000000000085,63.254284,56.952858,60.191019142857144,2.2794439996834583
2013-05-02,63.111427,64.084282,62.947144,63.645714,105457100,61.80305682,77.733964315,0.8900000000000006,62.755714,58.01857,60.994896857142855,2.375816887835679
2013-05-03,64.472855,64.747147,64.164284,64.28286,90325200,61.81425685999999,77.62187146000001,0.6371460000000013,63.645714,57.922855,61.90346900000001,2.2159186354072373
2013-05-06,65.101425,66.028572,64.901428,65.815712,124160400,61.84254254,77.517421465,1.5328520000000054,64.28286,58.34,62.97142785714285,2.003553240525101
2013-05-07,66.424286,66.535713,64.814285,65.522858,120938300,61.88785688,77.411992885,-0.2928540000000055,65.815712,59.599998,63.81755071428571,1.539325761077574
2013-05-08,65.577141,66.48143,65.115715,66.262856,118149500,61.93034254,77.304507155,0.7399979999999999,65.522858,61.445713,64.505714,1.369675486815667
2013-05-09,65.687141,66.14286,65.082855,65.252853,99621900,61.96519964,77.199128545,-1.0100029999999975,66.262856,63.254284,64.79122385714285,1.2700127378523869
2013-05-10,65.424286,65.672859,64.354286,64.709999,83713000,61.99825674000001,77.091371395,-0.5428540000000055,65.252853,62.755714,65.07040742857143,0.9124405879149394
2013-05-13,64.501427,65.414284,64.5,64.96286,79237200,62.06759962,76.98695714,0.25286100000001,64.709999,63.645714,65.25857114285715,0.6744458168512509
2013-05-14,64.835716,65.028572,63.164288,63.408573,111779500,62.13562826,76.89330713999999,-1.5542870000000093,64.96286,64.28286,65.133673,0.9210996173834649
2013-05-15,62.737144,63.0,60.337143,61.264286,145397275,62.12908544,76.788999985,-2.1442869999999985,63.408573,65.815712,64.48346928571429,1.6652412987619218
2013-05-16,60.462856,62.549999,59.842857,62.082859,145397275,62.1545712,76.68144286,0.8185730000000007,61.264286,65.522858,63.992040857142854,1.8087868420688347
2013-05-17,62.721428,62.869999,61.572857,61.894287,106976100,62.16222836,76.56589285499999,-0.18857200000000063,62.082859,66.262856,63.36795957142857,1.64052261561794
2013-05-20,61.701427,63.685715,61.442856,63.275715,112894600,62.194256939999995,76.446014295,1.3814279999999997,61.894287,65.252853,63.08551128571428,1.4168705715583583
2013-05-21,62.592857,63.639999,62.028572,62.808571,114005500,62.19937124,76.326621445,-0.46714399999999756,63.275715,64.709999,62.81387871428571,1.2224551191658044
2013-05-22,63.435715,64.050003,62.602856,63.049999,110759600,62.236285519999996,76.207735735,0.2414279999999991,62.808571,64.96286,62.540612857142854,0.8042897210647912
2013-05-23,62.278572,63.737144,62.255714,63.162857,88255300,62.275685540000005,76.08376429,0.11285800000000279,63.049999,63.408573,62.50551057142858,0.7644714408179537
2013-05-24,62.978573,63.665714,62.908573,63.592857,69041700,62.311828420000005,75.95705,0.4299999999999997,63.162857,61.264286,62.838163571428574,0.6289643859955332
2013-05-28,64.271431,64.444283,62.978573,63.062859,96536300,62.305485579999996,75.82885714,-0.5299979999999991,63.592857,62.082859,62.978163571428574,0.5348489246358484
2013-05-29,62.857143,63.92857,62.771427,63.564285,82644100,62.274714100000004,75.70392141500001,0.501425999999995,63.062859,61.894287,63.216734714285714,0.28481479614391236
2013-05-30,63.664288,64.928574,63.501427,64.511429,88379900,62.266399899999996,75.583099995,0.9471440000000086,63.564285,63.275715,63.393265285714286,0.5688189708263096
2013-05-31,64.64286,65.300003,64.214287,64.247147,96075700,62.259685739999995,75.460264305,-0.26428200000000857,64.511429,62.808571,63.59877614285715,0.5820844321418362
2013-06-03,64.389999,64.622856,63.21143,64.388573,93088100,62.25394294000001,75.33220717,0.1414259999999956,64.247147,63.049999,63.790001000000004,0.5915499158928271
2013-06-04,64.745712,64.918571,63.912857,64.187141,73182200,62.21794288,75.201935715,-0.20143199999999695,64.388573,63.162857,63.936327285714285,0.5344964495648559
2013-06-05,63.664288,64.388573,63.387142,63.587143,72647400,62.16517142000001,75.06927859,-0.5999979999999994,64.187141,63.592857,63.935511000000005,0.5351124323524904
2013-06-06,63.638573,63.857143,62.007141,62.637142,104233500,62.10037138,74.92793572,-0.9500010000000003,63.587143,63.062859,63.874694285714284,0.6603561828602408
2013-06-07,62.357143,63.32,61.824287,63.115715,101133900,62.071028580000004,74.78057858,0.47857300000000436,62.637142,63.564285,63.81061285714286,0.71500260541737
2013-06-10,63.532856,64.154289,62.400002,62.69857,112538300,62.0602571,74.618964275,-0.417145000000005,63.115715,64.511429,63.551632999999995,0.7464777781593481
2013-06-11,62.248573,63.251427,61.902859,62.514286,71528100,62.08508566,74.46292143,-0.18428399999999812,62.69857,64.247147,63.30408142857142,0.7644988609441525
2013-06-12,62.785713,63.035713,61.642857,61.741428,66306800,62.0919428,74.29386429,-0.7728579999999994,62.514286,64.388573,62.925917857142856,0.7928283770091421
2013-06-13,61.785713,62.44857,61.25,62.279999,71458100,62.103285660000004,74.13195713500001,0.5385709999999975,61.741428,64.187141,62.653468999999994,0.5885561015414762
2013-06-14,62.200001,62.327145,61.214287,61.435715,67966500,62.10994284,73.96540715,-0.8442839999999947,62.279999,63.587143,62.34612214285714,0.5814253663828146
2013-06-17,61.634285,62.242859,61.48,61.714287,64853600,62.135085739999994,73.79135002999999,0.27857199999999693,61.435715,62.637142,62.214285714285715,0.6084392496720068
2013-06-18,61.651428,62.128571,61.458572,61.681427,48756400,62.15097143999999,73.61775715499999,-0.032859999999999445,61.714287,63.115715,62.00938742857143,0.48281646324360916
2013-06-19,61.628571,61.665714,60.42857,60.42857,77735000,62.13959997999999,73.43885001000001,-1.2528569999999988,61.681427,62.69857,61.685101714285715,0.6691478383435867
2013-06-20,59.900002,60.854286,59.310001,59.548573,89327700,62.08574288,73.262400025,-0.879997000000003,60.42857,62.514286,61.261428428571435,0.9405023456868412
2013-06-21,59.784286,60.0,58.299999,59.07143,120279600,62.02622864,73.082585745,-0.4771429999999981,59.548573,61.741428,60.880000142857135,1.2148078546301728
2013-06-24,58.200001,58.380001,56.864285,57.505714,120186500,61.94834288,72.88799288499999,-1.5657160000000019,59.07143,62.279999,60.19795942857143,1.5824086158078925
2013-06-25,57.957142,58.255714,56.975716,57.51857,78540700,61.899142819999994,72.69685,0.012855999999999312,57.505714,61.435715,59.63836728571429,1.754954294523684
2013-06-26,57.700001,57.827145,56.522858,56.867142,91931000,61.81865705999999,72.49813570500001,-0.6514279999999957,57.51857,61.714287,58.945918,1.7556115879383125
2013-06-27,57.035713,57.341427,56.220001,56.254284,84311500,61.792885580000004,72.29337857,-0.6128580000000028,56.867142,61.681427,58.17061185714285,1.5300990752795933
2013-06-28,55.908573,57.181427,55.552856,56.647144,144629100,61.80568564,72.103228595,0.3928599999999989,56.254284,60.42857,57.63040814285715,1.2400979831840955
2013-07-01,57.527142,58.895714,57.317142,58.459999,97763400,61.8590856,71.923678575,1.812855000000006,56.647144,59.548573,57.47489757142857,1.0055378207438777
2013-07-02,58.565716,60.232857,58.495716,59.784286,117466300,61.91571416,71.744178565,1.3242869999999982,58.459999,59.07143,57.57673414285715,1.2095730762859727
2013-07-03,60.122856,60.425713,59.635715,60.114285,60232200,61.957628459999995,71.556907125,0.3299990000000008,59.784286,57.505714,57.94938714285714,1.54058597316564
2013-07-05,60.055714,60.470001,59.335712,59.631428,68506200,61.991799920000005,71.36129282499999,-0.48285700000000276,60.114285,57.51857,58.25122399999999,1.6455166595175197
2013-07-08,60.015713,60.142857,58.664288,59.292858,74534600,62.010857079999994,71.15791424,-0.33856999999999715,59.631428,56.867142,58.59775485714285,1.5585828725194495
2013-07-09,59.085712,60.5,58.625713,60.335712,88146100,62.025571359999994,70.95822851,1.0428539999999984,59.292858,56.254284,59.180816,1.2730541177962795
2013-07-10,59.942856,60.685715,59.75,60.104286,70351400,61.998742820000004,70.757249925,-0.23142599999999902,60.335712,56.647144,59.67469342857142,0.6389965254442926
2013-07-11,60.421429,61.17857,60.167141,61.041428,81573100,61.954485700000006,70.56338563999999,0.9371420000000015,60.104286,58.459999,60.043469,0.561309812928429
2013-07-12,61.092857,61.398571,60.487144,60.93,69890800,61.91797142,70.36797136,-0.11142800000000364,61.041428,59.784286,60.20714242857143,0.6353018553502219
2013-07-15,60.715714,61.637142,60.685715,61.062859,60479300,61.86631432,70.179864215,0.1328590000000034,60.93,60.114285,60.342653,0.7090765389179584
2013-07-16,60.931427,61.529999,60.595715,61.457142,54134500,61.80979996,70.00604992,0.3942829999999944,61.062859,59.631428,60.60346928571429,0.7390090227801998
2013-07-17,61.385715,61.745716,61.174286,61.472858,49747600,61.72294288,69.83828565499999,0.015716000000004726,61.457142,59.292858,60.91489785714286,0.5221791715295099
2013-07-18,61.91143,62.124287,61.515713,61.68,54719700,61.646085719999995,69.66002851,0.2071419999999975,61.472858,60.335712,61.106939000000004,0.5208635379695732
2013-07-19,61.871429,61.997143,60.621429,60.707142,67180400,61.53497144,69.487064205,-0.9728580000000022,61.68,60.104286,61.193061285714286,0.34890261708217135
2013-07-22,61.351429,61.392857,60.781429,60.901428,51949100,61.447942940000004,69.320578495,0.1942860000000053,60.707142,61.041428,61.17306128571429,0.3627799004999866
2013-07-23,60.857143,60.994286,59.815716,59.855713,92348900,61.350857219999995,69.147492785,-1.0457150000000013,60.901428,60.93,61.01959171428571,0.6192889590786511
2013-07-24,62.704285,63.512856,62.18,62.93,145397275,61.310200019999996,68.98253566,3.074286999999998,59.855713,61.062859,61.28632614285714,0.9531412855602222
2013-07-25,62.957142,63.057144,62.258572,62.642857,57373400,61.2948857,68.81946424,-0.28714300000000037,62.93,61.457142,61.455714,1.0848211870882905
2013-07-26,62.185715,63.005714,62.048573,62.998573,50038100,61.32957144,68.668321395,0.35571600000000103,62.642857,61.472858,61.67367328571429,1.232111891109178
2013-07-29,62.971428,64.284286,62.885715,63.970001,62014400,61.36731428,68.532335675,0.9714280000000031,62.998573,61.68,62.000816285714286,1.5073443214373508
2013-07-30,64.279999,65.307144,64.175713,64.760002,77355600,61.42462858,68.40195710500001,0.7900009999999966,63.970001,60.707142,62.57979628571429,1.6943784104019728
2013-07-31,64.998573,65.334282,64.204285,64.647141,80739400,61.452057100000005,68.267399955,-0.11286099999999522,64.760002,60.901428,63.11489814285715,1.6672414976235759
2013-08-01,65.10714,65.257141,64.751427,65.239998,51562700,61.50068564,68.1449571,0.5928569999999951,64.647141,59.855713,63.88408171428572,1.0352474188898868
2013-08-02,65.43,66.121429,65.237144,66.077141,68695900,61.56122848,68.02554994500001,0.8371429999999975,65.239998,62.93,64.3336732857143,1.2189293358884075
2013-08-05,66.384285,67.238571,66.021431,67.064285,79713900,61.639257040000004,67.90747137,0.9871440000000007,66.077141,62.642857,64.96530585714287,1.3366247940533562
2013-08-06,66.860001,67.412857,66.024284,66.464287,83714400,61.69668564,67.7756571,-0.5999979999999994,67.064285,62.998573,65.46040785714285,1.1092354305945962
2013-08-07,66.257141,66.714287,65.96714,66.425713,74714500,61.76394272,67.64734995,-0.038573999999997,66.464287,63.970001,65.81122385714285,0.9337574453906755
2013-08-08,66.265717,66.300003,65.421425,65.858574,63944300,61.809828499999995,67.5247571,-0.5671389999999974,66.425713,64.760002,65.96816271428573,0.8120122956643019
2013-08-09,65.519997,65.779999,64.807144,64.921425,66716300,61.81802842,67.41376421000001,-0.9371490000000051,65.858574,64.647141,66.00734614285714,0.7411700092007226
2013-08-12,65.265717,66.949997,65.232857,66.765717,91108500,61.86839982000001,67.29471422499999,1.8442919999999958,64.921425,65.239998,66.225306,0.7011604172809061
2013-08-13,67.277145,70.665718,66.864288,69.938568,145397275,61.97939972,67.206292785,3.1728510000000085,66.765717,66.077141,66.77693842857143,1.5591679963059395
2013-08-14,71.125717,72.035713,70.485718,71.214287,145397275,62.11994264,67.12177138,1.2757189999999952,69.938568,67.064285,67.36979585714286,2.2997522990599935
2013-08-15,70.917145,71.771431,69.868568,71.129997,122573500,62.27079971999999,67.04203566,-0.08428999999999576,71.214287,66.464287,68.03632585714286,2.643939437035564
2013-08-16,71.449997,71.848572,71.265717,71.761429,90576500,62.453285460000004,66.96941423999999,0.6314320000000038,71.129997,66.425713,68.79857100000001,2.8623326887039244
2013-08-19,72.048569,73.391426,72.0,72.534286,127629600,62.64165688,66.90685709499999,0.7728569999999877,71.761429,65.858574,69.75224414285715,2.8314668601953428
2013-08-20,72.815712,72.938568,71.545715,71.581429,89672100,62.819314059999996,66.838664235,-0.9528569999999945,72.534286,64.921425,70.70367328571429,1.9050725811094062
2013-08-21,71.941429,72.449997,71.599998,71.765717,83969900,63.00434268000001,66.78549281,0.18428799999999512,71.581429,66.765717,71.417959,0.7984169553141689
2013-08-22,72.139999,72.227142,71.171425,71.851425,61051900,63.20654262,66.72716422,0.085708000000011,71.765717,69.938568,71.69122428571428,0.4657244240318492
2013-08-23,71.895714,71.907143,71.335716,71.574287,55682900,63.39242838,66.668714245,-0.2771380000000079,71.851425,71.214287,71.74265285714286,0.42211497316297913
2013-08-26,71.535713,72.885712,71.5,71.852859,82741400,63.60077126,66.629407105,0.27857199999999693,71.574287,71.129997,71.84591885714285,0.3243551116575956
2013-08-27,71.14286,71.78714,69.471428,69.798569,106047200,63.762456900000004,66.59429281999999,-2.0542899999999946,71.852859,71.761429,71.56551028571428,0.8431426889736762
2013-08-28,69.428574,70.828575,69.428574,70.128571,76902000,63.93139978,66.554178535,0.33000199999999325,69.798569,72.534286,71.22183671428571,0.8722408902904472
2013-08-29,70.235718,70.928574,70.16143,70.242859,59914400,64.12768556,66.51765712000001,0.11428800000000194,70.128571,71.581429,71.03061242857143,0.9253781826152679
2013-08-30,70.285713,70.421425,69.5,69.602859,68074300,64.32877128,66.477885695,-0.6400000000000006,70.242859,71.765717,70.72163271428572,0.9973105969007582
2013-09-03,70.442856,71.514282,69.621429,69.797142,82982200,64.54328552,66.44338568500001,0.19428299999999865,69.602859,71.851425,70.42816371428572,0.907666849157481
2013-09-04,71.365715,71.748573,70.897141,71.241432,86258200,64.81799988,66.424149995,1.4442900000000094,69.797142,71.574287,70.380613,0.8441103679659151
2013-09-05,71.464287,71.525711,70.519997,70.752853,59091900,65.08268554,66.40099996999999,-0.48857900000000143,71.241432,71.852859,70.22346928571429,0.5878391481168607
2013-09-06,71.205711,71.339996,69.992859,71.174286,89881400,65.36882842,66.352778535,0.4214329999999933,70.752853,69.798569,70.42000028571428,0.6489055295894781
2013-09-09,72.14286,72.559998,71.925713,72.309998,85171800,65.6899427,66.31367854,1.135711999999998,71.174286,70.128571,70.73163271428571,0.9428526975499433
2013-09-10,72.314285,72.492859,69.928574,70.662857,145397275,65.97025696,66.26577852999999,-1.6471409999999906,72.309998,70.242859,70.79163242857142,0.9196428519414115
2013-09-11,66.715714,67.669998,66.401428,66.815712,145397275,66.13737122,66.19164279,-3.8471449999999976,70.662857,69.602859,70.39346857142857,1.7492606838638487
2013-09-12,66.928574,67.914284,66.572861,67.527145,101012800,66.2922284,66.10818564,0.7114329999999995,66.815712,69.797142,70.06918328571429,2.0608880145578876
2013-09-13,67.048569,67.404289,66.385712,66.414284,74708900,66.41822838,66.02255705500001,-1.1128610000000094,67.527145,71.241432,69.37959071428573,2.3853341062233127
2013-09-16,65.85714,65.944283,63.888573,64.302856,135926700,66.51165694000001,65.92768561000001,-2.1114279999999894,66.414284,70.752853,68.45816257142857,2.94627137487921
2013-09-17,63.994286,65.672859,63.92857,65.045715,99845200,66.62671408,65.83194277000001,0.7428589999999957,64.302856,71.174286,67.58265242857144,2.9150453387951645
2013-09-18,66.168571,66.621429,65.808571,66.382858,114215500,66.747657,65.745799925,1.3371429999999975,65.045715,72.309998,66.73591814285714,2.0436052223250156
2013-09-19,67.242859,67.975716,67.035713,67.471428,101135300,66.89499984,65.664449905,1.0885700000000043,66.382858,70.662857,66.27999971428572,1.2057520817538452
2013-09-20,68.285713,68.364288,66.571426,66.772858,145397275,67.00962844,65.586992785,-0.6985700000000037,67.471428,66.815712,66.27387771428572,1.2026836505960583
2013-09-23,70.871429,70.987144,68.942856,70.091431,145397275,67.19285706,65.552599935,3.3185730000000007,66.772858,67.527145,66.64020428571429,1.859316894352636
2013-09-24,70.697144,70.781425,69.688568,69.871429,91086100,67.36902846,65.51107138500001,-0.2200019999999938,70.091431,66.414284,67.13408214285714,2.2145248435436757
2013-09-25,69.885712,69.94857,68.775711,68.790001,79239300,67.51568564,65.47412852000001,-1.0814280000000025,69.871429,64.302856,67.77510285714285,1.8830203836953754
2013-09-26,69.428574,69.794289,69.128571,69.459999,59305400,67.67542846,65.442985675,0.6699979999999925,68.790001,65.045715,68.40571485714285,1.5209761705432485
2013-09-27,69.111427,69.238571,68.674286,68.964287,57010100,67.8211142,65.401099955,-0.4957119999999975,69.459999,66.382858,68.77449042857143,1.2347939158601682
2013-09-30,68.178574,68.808571,67.772858,68.10714,65039100,67.96911416,65.356635655,-0.8571469999999977,68.964287,67.471428,68.86530642857143,1.1429456219669014
2013-10-01,68.349998,69.877144,68.339996,69.708572,88470900,68.14525703999999,65.326828525,1.6014320000000026,68.10714,66.772858,69.28469414285715,0.6999407334564819
2013-10-02,69.375717,70.257141,69.10714,69.937141,72296000,68.3468856,65.312378525,0.22856899999999314,69.708572,70.091431,69.26265271428572,0.6721810216028268
2013-10-03,70.072861,70.335716,68.677139,69.058571,80688300,68.46945702,65.28707854,-0.8785699999999963,69.937141,69.871429,69.14653014285715,0.6174697797880971
2013-10-04,69.122856,69.228569,68.371429,69.004288,64717100,68.59668563999999,65.250742825,-0.05428299999999808,69.058571,68.790001,69.17714257142858,0.6019653264829399
2013-10-07,69.508568,70.378571,69.335716,69.678574,78073100,68.73028565999999,65.22319999,0.6742859999999951,69.004288,69.459999,69.20836757142857,0.6243362128060925
2013-10-08,69.991432,70.091431,68.648575,68.705711,72729300,68.82499985999999,65.19406424499999,-0.9728630000000038,69.678574,68.964287,69.17142814285714,0.6483711505888448
2013-10-09,69.234283,69.684288,68.325714,69.512856,75431300,68.92005694,65.170678515,0.8071450000000056,68.705711,68.10714,69.37224471428571,0.4516421069424187
2013-10-10,70.188568,70.339996,69.577141,69.94857,69650700,69.02608552,65.14887137500001,0.4357140000000044,69.512856,69.708572,69.40653014285714,0.48899385035870896
2013-10-11,69.57,70.548569,69.308571,70.401428,66934700,69.12931412,65.13444995,0.452857999999992,69.94857,69.937141,69.47285685714286,0.5933196366442413
2013-10-14,69.975716,71.082855,69.907143,70.862854,65474500,69.22502838,65.12086421000001,0.461426000000003,70.401428,69.058571,69.73061157142857,0.7536097557681137
2013-10-15,71.072861,71.714287,70.788574,71.239998,80018400,69.30854264,65.113071355,0.37714400000000126,70.862854,69.004288,70.0499987142857,0.860640305733618
2013-10-16,71.541428,71.790001,71.318573,71.587143,62775300,69.41099976000001,65.09088565,0.3471449999999976,71.239998,69.678574,70.32265142857143,1.0123150146726627
2013-10-17,71.425713,72.111427,71.382858,72.071426,63398300,69.52391402,65.05907851,0.4842830000000049,71.587143,68.705711,70.80346785714286,0.9105049166834339
2013-10-18,72.284286,72.751427,72.244286,72.69857,72635500,69.66071394000001,65.03535708,0.6271440000000013,72.071426,69.512856,71.25856985714286,0.9530672915264203
2013-10-21,73.110001,74.900002,73.074287,74.480003,99526700,69.8518855,65.03132853,1.7814329999999927,72.69857,69.94857,71.90591742857143,1.364926328513072
2013-10-22,75.201431,75.492859,72.575714,74.267143,133515900,70.00191402,65.02844996,-0.21285999999999206,74.480003,70.401428,72.45816242857143,1.4349924083376457
2013-10-23,74.14286,75.095711,74.14286,74.994286,78430800,70.10302838,65.02819994500001,0.7271429999999981,74.267143,70.862854,73.048367,1.516780746969243
2013-10-24,75.0,76.067146,74.635712,75.987144,96191200,70.19848552,65.03877852,0.9928579999999982,74.994286,71.239998,73.72653071428572,1.6304709267678907
2013-10-25,75.902855,76.175713,75.015717,75.137146,84448000,70.27862850000001,65.04052855,-0.8499979999999994,75.987144,71.587143,74.233674,1.38823077841015
2013-10-28,75.577141,75.85714,74.744286,75.697144,137610200,70.3573428,65.047371395,0.5599979999999931,75.137146,72.071426,74.75163371428572,1.0917539659333981
2013-10-29,76.610001,77.035713,73.505714,73.811432,145397275,70.38288571999999,65.05803568500001,-1.885711999999998,75.697144,72.69857,74.910614,0.779267376311098
2013-10-30,74.230003,75.360001,73.860001,74.985718,88540900,70.4509715,65.08587855,1.1742860000000093,73.811432,74.480003,74.98285899999999,0.7557805303147231
2013-10-31,75.0,75.355713,74.46714,74.671425,68924100,70.50908566,65.09774283,-0.3142930000000064,74.985718,74.267143,75.04061357142858,0.705764109561481
2013-11-01,74.860001,74.971428,73.691429,74.290001,68722500,70.55785718,65.110135675,-0.38142399999999554,74.671425,74.994286,74.94000142857143,0.7614712990378628
2013-11-04,74.442856,75.260002,74.115715,75.25,61156900,70.63137144000001,65.129242805,0.9599989999999963,74.290001,75.987144,74.83469514285714,0.6325868699585065
2013-11-05,74.940002,75.555717,74.714287,75.064285,66303300,70.69559996,65.144014225,-0.18571500000000185,75.25,75.137146,74.82428642857143,0.6273586800292478
2013-11-06,74.878571,74.980003,74.028572,74.417145,55843900,70.78797148,65.14894995,-0.6471399999999932,75.064285,75.697144,74.64142942857143,0.5051898168286062
2013-11-07,74.225716,74.741432,73.197144,73.21286,65655100,70.84965726,65.19322855,-1.2042849999999987,74.417145,73.811432,74.55591914285715,0.6870263609979941
2013-11-08,73.511429,74.447144,73.227142,74.365715,69829200,70.93211438,65.250857125,1.1528549999999882,73.21286,74.985718,74.46734728571428,0.6618870832011651
2013-11-11,74.284286,74.524284,73.487144,74.150002,56863100,71.02305724,65.30029999,-0.21571299999999383,74.365715,74.671425,74.39285828571428,0.6644279625488804
2013-11-12,73.952858,74.845711,73.85714,74.28714,51069200,71.11285720000001,65.34439999,0.1371379999999931,74.150002,74.290001,74.39244957142857,0.6645026548579303
2013-11-13,74.0,74.60714,73.851425,74.375717,49305200,71.1755429,65.38997143,0.0885770000000008,74.28714,75.25,74.267552,0.548494012097593
2013-11-14,74.687141,75.611427,74.552856,75.451431,70604800,71.26951446,65.441878585,1.075714000000005,74.375717,75.064285,74.32285857142857,0.6519775537152719
2013-11-15,75.225716,75.584282,74.927139,74.998573,79480100,71.34600019999999,65.49285717,-0.4528580000000062,75.451431,74.417145,74.40591971428572,0.7011721575915043
2013-11-18,74.998573,75.312859,74.028572,74.089996,61236000,71.38160016,65.54736428999999,-0.908576999999994,74.998573,73.21286,74.53122485714286,0.5027194424827204
2013-11-19,74.147141,74.76857,73.995712,74.221428,52234700,71.45277158,65.59144285,0.13143200000000377,74.089996,74.365715,74.51061242857143,0.5134795519303634
2013-11-20,74.175713,74.345711,73.475716,73.571426,48479200,71.58788586,65.6326214,-0.6500020000000006,74.221428,74.150002,74.42795871428572,0.6172759124472094
2013-11-21,73.942856,74.458572,73.381432,74.44857,65506700,71.72631436,65.670421385,0.8771440000000013,73.571426,74.28714,74.45102014285715,0.6141456695981112
2013-11-22,74.21714,74.594284,74.075714,74.257141,55931400,71.8831715,65.70243566,-0.1914289999999994,74.44857,74.375717,74.43408071428573,0.6181908240914531
2013-11-25,74.431427,75.124283,74.428574,74.82,57327900,72.09351438,65.7337285,0.5628589999999889,74.257141,75.451431,74.34387628571429,0.4743299815970394
2013-11-26,74.874283,76.591431,74.85714,76.199997,100345700,72.31660002000001,65.7805142,1.379997000000003,74.82,74.998573,74.51550828571429,0.8326951325852843
2013-11-27,76.615715,78.0,76.199997,77.994286,90862100,72.54882858,65.83690706,1.7942890000000062,76.199997,74.089996,75.073264,1.5222505666160202
2013-11-29,78.497147,79.761429,78.258568,79.438568,79531900,72.78817138,65.90082131999999,1.4442820000000012,77.994286,74.221428,75.81856971428572,2.1735290394758695
2013-12-02,79.714287,80.618568,78.688568,78.747147,118136200,73.02765716,65.965871335,-0.6914210000000054,79.438568,73.571426,76.55795842857142,2.1619979672641874
2013-12-03,79.757141,80.91143,79.668571,80.902855,112742000,73.24388564,66.04182131,2.155708000000004,78.747147,74.44857,77.47999914285715,2.4672151772442263
2013-12-04,80.785713,81.312859,80.117142,80.714287,94452400,73.46074279999999,66.1247856,-0.18856800000000362,80.902855,74.257141,78.40244857142856,2.2598051937031345
2013-12-05,81.807144,82.162857,80.915718,81.128571,111895000,73.7075142,66.211814165,0.414283999999995,80.714287,74.82,79.303673,1.8052093375829308
2013-12-06,80.827141,80.964287,79.938568,80.002853,86088100,73.91837128,66.28982129,-1.125717999999992,81.128571,76.199997,79.84693814285716,1.179178624177247
2013-12-09,80.128571,81.368568,80.128571,80.918571,80123400,74.15745696,66.37812844,0.9157179999999983,80.002853,77.994286,80.26469314285714,0.8978878645836841
2013-12-10,80.511429,81.125717,80.171425,80.792854,69567400,74.41117124,66.461399845,-0.12571699999999453,80.918571,79.438568,80.45816257142857,0.8338339068238784
2013-12-11,81.0,81.567146,79.955711,80.194283,89929700,74.62088546,66.54482127,-0.5985710000000068,80.792854,78.747147,80.66489628571428,0.41120964790988407
2013-12-12,80.305717,80.762856,80.004288,80.077141,65572500,74.82368546000001,66.629921255,-0.11714200000000119,80.194283,80.902855,80.54693714285715,0.4483286848024698
2013-12-13,80.407143,80.41143,79.095711,79.204285,83205500,75.02659974,66.7184641,-0.8728559999999987,80.077141,80.714287,80.33122257142857,0.6652031050046318
2013-12-16,79.288574,80.377144,79.28714,79.64286,70648200,75.23937117999999,66.816642695,0.43857500000000016,79.204285,81.128571,80.11897814285715,0.602455483338489
2013-12-17,79.401428,79.919998,79.054283,79.284286,57475600,75.43148542,66.90510699000001,-0.3585740000000044,79.64286,80.002853,80.01632571428571,0.6815642465840516
2013-12-18,78.528572,78.778572,76.971428,78.681427,141465800,75.63099974,66.99447126999999,-0.6028589999999951,79.284286,80.918571,79.69673371428571,0.7118185196955826
2013-12-19,78.5,78.571426,77.675713,77.779999,80077200,75.7963426,67.07581411999999,-0.9014279999999957,78.681427,80.792854,79.26632585714286,0.8382272414298353
2013-12-20,77.918571,78.80143,77.831429,78.431427,109103400,75.96599974,67.159599825,0.6514279999999957,77.779999,80.194283,79.01448928571429,0.7754299325069732
2013-12-23,81.14286,81.531425,80.394287,81.441429,125326600,76.18679976,67.25404268999999,3.010002,78.431427,80.077141,79.20938757142858,1.1620857541398846
2013-12-24,81.412857,81.697144,80.861427,81.095711,41888700,76.39145690000001,67.35349982,-0.3457180000000051,81.441429,79.204285,79.47959128571428,1.3631935244304874
2013-12-26,81.157143,81.35714,80.482857,80.557144,51002000,76.57779982,67.45032126,-0.5385670000000005,81.095711,79.64286,79.61020328571429,1.4238929165897896
2013-12-27,80.545715,80.629997,79.928574,80.012856,56471100,76.74631407999999,67.541456975,-0.5442879999999946,80.557144,79.284286,79.71428471428571,1.422726417380119
2013-12-30,79.637146,80.012856,78.902855,79.21714,63407400,76.88922836,67.62064267,-0.7957159999999988,80.012856,78.681427,79.79081514285714,1.3713899406422883
2013-12-31,79.167145,80.182854,79.14286,80.145714,55771100,77.03817124,67.695856945,0.9285739999999976,79.21714,77.779999,80.12877442857143,1.0462089101921357
2014-01-02,79.382858,79.575714,78.860001,79.01857,58671200,77.12894258,67.7663141,-1.1271440000000013,80.145714,78.431427,80.212652,0.9008917761134339
2014-01-03,78.980003,79.099998,77.204285,77.28286,98116900,77.18925691999999,67.829814125,-1.7357099999999974,79.01857,81.441429,79.61857071428572,1.2565094629498794
2014-01-06,76.778572,78.114288,76.228569,77.704285,103152700,77.2434569,67.894956985,0.4214249999999993,77.28286,81.095711,79.13408128571427,1.2458151622097984
2014-01-07,77.760002,77.994286,76.845711,77.148575,79302300,77.26668552,67.95076414,-0.5557100000000048,77.704285,80.557144,78.64714285714285,1.262913100707632
2014-01-08,76.972855,77.937141,76.955711,77.637146,64632400,77.31668552,68.00782129,0.4885710000000074,77.148575,80.012856,78.30775571428572,1.148791599416675
2014-01-09,78.114288,78.122856,76.478569,76.645714,69787200,77.33565692,68.06166414,-0.9914320000000032,77.637146,79.21714,77.94040914285713,1.218546346368005
2014-01-10,77.118568,77.257141,75.872856,76.134285,76244000,77.38211398,68.11942129,-0.5114289999999926,76.645714,80.145714,77.36734785714285,0.9136968348110298
2014-01-13,75.701431,77.5,75.697144,76.53286,94623200,77.41305682000001,68.18589987,0.3985749999999939,76.134285,79.01857,77.01224642857143,0.5910735546873765
2014-01-14,76.888573,78.104286,76.808571,78.055717,83140400,77.48074266,68.26981416500001,1.522857000000002,76.53286,77.28286,77.12265457142858,0.7102202832732909
2014-01-15,79.074287,80.028572,78.808571,79.622856,97909700,77.58739976,68.36093559,1.5671389999999974,78.055717,77.704285,77.39673614285714,1.1841554921863233
2014-01-16,79.271431,79.550003,78.811432,79.178574,57319500,77.66597124,68.44826418,-0.4442820000000012,79.622856,77.148575,77.686736,1.3501856757728814
2014-01-17,78.78286,78.867142,77.128571,77.238571,106684900,77.70945696,68.528942755,-1.9400030000000044,79.178574,77.637146,77.62979671428572,1.3609865464492417
2014-01-21,77.284286,78.581429,77.202858,78.438568,82131700,77.78988542,68.618849885,1.1999970000000104,77.238571,76.645714,77.88591871428571,1.312771186558374
2014-01-22,78.701431,79.612854,78.258568,78.78714,94996300,77.90137102,68.70834987500001,0.3485719999999901,78.438568,76.134285,78.264898,1.086186844987723
2014-01-23,78.562859,79.5,77.830002,79.454285,100809800,78.00314242,68.800635585,0.667145000000005,78.78714,76.53286,78.68224442857142,0.8440231716391132
2014-01-24,79.14286,79.374283,77.821426,78.010002,107338700,78.08034242000001,68.879478455,-1.4442829999999987,79.454285,78.055717,78.67571371428572,0.849835807474812
2014-01-27,78.581429,79.257141,77.964287,78.64286,138719700,78.16745682,68.96245704500001,0.6328579999999988,78.010002,79.622856,78.53571428571429,0.741634161289563
2014-01-28,72.68,73.571426,71.724289,72.35714,145397275,78.12708528,69.017242735,-6.285719999999998,78.64286,79.178574,77.56122371428572,2.394932700876475
2014-01-29,71.992859,72.48143,71.23143,71.535713,125702500,78.04877092,69.075028435,-0.8214269999999999,72.35714,77.238571,76.74652971428573,3.315891188626066
2014-01-30,71.791428,72.35714,70.957146,71.397141,145397275,77.97674228,69.12755698999999,-0.13857199999999636,71.535713,78.438568,75.74061157142857,3.75589920733919
2014-01-31,70.739998,71.647141,70.507141,71.514282,116199300,77.925228,69.19741411,0.1171409999999895,71.397141,78.78714,74.70163185714286,3.7785545602232395
2014-02-03,71.80143,72.53286,71.328575,71.647141,100366000,77.87374226,69.27561411,0.1328590000000105,71.514282,79.454285,73.58632557142857,3.2583148280178214
2014-02-04,72.264282,72.779999,71.822861,72.684288,94170300,77.8559995,69.36008554499999,1.0371469999999903,71.647141,78.010002,72.82550928571429,2.610637272206341
2014-02-05,72.365715,73.611427,72.321426,73.227142,82086200,77.83157094,69.441456965,0.5428540000000055,72.684288,78.64286,72.05183528571429,0.7097301245836414
2014-02-06,72.865715,73.35714,72.544289,73.215714,64441300,77.8107424,69.517442685,-0.011427999999995109,73.227142,72.35714,72.17448871428572,0.8345055169249606
2014-02-07,74.482857,74.704285,73.91143,74.239998,92570100,77.79914235999999,69.5990284,1.0242839999999944,73.215714,71.535713,72.56081514285714,1.0795025225376524
2014-02-10,74.094284,75.998573,74.0,75.57,86389800,77.78654241999999,69.6851784,1.3300019999999932,74.239998,71.397141,73.15693785714286,1.4262698515874324
2014-02-11,75.80143,76.821426,75.64286,76.565712,70564200,77.75797094,69.77000697,0.9957120000000117,75.57,71.514282,73.87857071428571,1.7069279991519202
2014-02-12,76.707146,77.080002,76.177139,76.559998,77025200,77.70039953999999,69.845578395,-0.005714000000011765,76.565712,71.647141,74.58040742857143,1.645416333833356
2014-02-13,76.379997,77.835716,76.314285,77.775711,76849500,77.68097082,69.91818553,1.215713000000008,76.559998,72.684288,75.30775357142856,1.7867959506403368
2014-02-14,77.495712,77.997147,77.315712,77.71286,68231100,77.61717091999999,69.99297125999999,-0.06285099999999488,77.775711,73.227142,75.94857042857143,1.71934616090695
2014-02-18,78.0,78.741432,77.944283,77.998573,65062900,77.56285664,70.06473555500001,0.285712999999987,77.71286,73.215714,76.631836,1.3664400658972464
2014-02-19,77.821426,78.127144,76.335716,76.767143,78442000,77.47562807999999,70.12715697,-1.231429999999989,77.998573,74.239998,76.99285671428571,0.8744539243757897
2014-02-20,76.141426,76.714287,75.571426,75.878571,76464500,77.39314243999999,70.17747126500001,-0.8885720000000106,76.767143,75.57,77.03693828571429,0.7949347063578396
2014-02-21,76.112854,76.367142,74.942856,75.035713,69696200,77.27548528,70.22503554,-0.8428579999999926,75.878571,76.565712,76.818367,1.098480898597071
2014-02-24,74.735718,75.702858,74.631432,75.364288,72227400,77.16691395999999,70.27054270000001,0.3285750000000007,75.035713,76.559998,76.64755128571429,1.2304001278613315
2014-02-25,75.625717,75.652855,74.428574,74.580002,57988000,77.05462834,70.317178445,-0.7842860000000087,75.364288,77.775711,76.19102142857143,1.3308134093182225
2014-02-26,74.80143,75.0,73.657143,73.907143,69054300,76.93122838,70.363164165,-0.6728589999999883,74.580002,77.71286,75.64734757142857,1.3818722312469676
2014-02-27,73.877144,75.540001,73.721428,75.381432,75470500,76.85477132,70.415257025,1.4742889999999989,73.907143,77.998573,75.2734702857143,0.9148210829359299
2014-02-28,75.582855,76.10714,74.58857,75.177139,92992200,76.7654569,70.47409985499999,-0.20429300000000694,75.381432,76.767143,75.04632685714286,0.637501406783769
2014-03-03,74.774284,75.807144,74.687141,75.394287,59695300,76.68765692,70.54474986,0.21714800000000878,75.177139,75.878571,74.97714342857144,0.5527793082961978
2014-03-04,75.85714,76.091431,75.395714,75.891426,64785000,76.6318569,70.613792695,0.49713899999999,75.394287,75.035713,75.09938814285715,0.6533587091085229
2014-03-05,75.845711,76.39286,75.589996,76.05143,50015700,76.59728552,70.68457841,0.1600040000000007,75.891426,75.364288,75.19755128571428,0.744986058229318
2014-03-06,76.112854,76.348572,75.442856,75.821426,46372200,76.5450855,70.74730696499999,-0.23000399999999388,76.05143,74.580002,75.37489757142858,0.7208462579009368
2014-03-07,75.870003,75.997147,75.150002,75.777145,55182400,76.43179982,70.812149835,-0.044280999999998016,75.821426,73.907143,75.64204071428571,0.3229182728370994
2014-03-10,75.480003,76.190002,75.477142,75.845711,44646000,76.32679981999999,70.87612839500001,0.06856599999998991,75.777145,75.381432,75.70836628571429,0.3077954891743863
2014-03-11,76.492859,76.96286,76.084282,76.584282,69806100,76.24734258,70.94323552,0.7385710000000074,75.845711,75.177139,75.90938671428572,0.358373594511991
2014-03-12,76.358574,76.764282,76.0,76.658569,49831600,76.18025684,71.00856408,0.07428699999999822,76.584282,75.394287,76.08999842857143,0.3737628574535418
2014-03-13,76.777145,77.094284,75.594284,75.807144,64435700,76.11205692,71.072285505,-0.8514250000000061,76.658569,75.891426,76.07795814285714,0.38248156397491095
2014-03-14,75.541428,75.841431,74.714287,74.955711,59299800,76.00825686,71.129242635,-0.8514330000000001,75.807144,76.05143,75.92142685714285,0.5722722959279894
2014-03-17,75.385712,75.709999,75.121429,75.248573,49886200,75.93285691999999,71.182928355,0.2928619999999995,74.955711,75.821426,75.8395907142857,0.6272726076460864
2014-03-18,75.128571,75.995712,75.028572,75.914284,52411800,75.9054854,71.24126403999999,0.6657110000000017,75.248573,75.777145,75.859182,0.6271387985905115
2014-03-19,76.03714,76.605713,75.571426,75.894287,56189000,75.86928544,71.29879261,-0.019996999999989384,75.914284,75.845711,75.86612142857143,0.6272336406378695
2014-03-20,75.69857,76.095711,75.335716,75.528572,52099600,75.83688538,71.355499765,-0.36571500000000867,75.894287,76.584282,75.7153057142857,0.5476464176109583
2014-03-21,75.989998,76.25,75.190002,76.124283,93511600,75.80662812,71.418185465,0.5957110000000085,75.528572,76.658569,75.63897914285714,0.4155791476650601
2014-03-24,76.917145,77.214287,76.437141,77.027145,88925200,75.81425674,71.49013547999999,0.9028619999999989,76.124283,75.807144,75.813265,0.6735889294917803
2014-03-25,77.35714,77.964287,77.084282,77.855713,70573300,75.8486853,71.56383547,0.82856799999999,77.027145,74.955711,76.22755099999999,0.9089460028717617
2014-03-26,78.074287,78.428574,76.980003,77.111427,74942000,75.86025664,71.635899755,-0.7442859999999882,77.855713,75.248573,76.49367299999999,0.845003889884868
2014-03-27,77.145714,77.35714,76.445717,76.779999,55507900,75.83474228,71.70722832,-0.3314280000000025,77.111427,75.914284,76.61734657142858,0.8086423130355679
2014-03-28,76.902855,76.991432,76.321426,76.694283,50141000,75.77617082,71.781992595,-0.08571600000000501,76.779999,75.894287,76.73163171428573,0.7433136121058225
2014-03-31,77.03286,77.258568,76.561432,76.677139,42167300,75.72614211999999,71.85397829499999,-0.017144000000001824,76.694283,75.528572,76.89571271428572,0.5295044087787593
2014-04-01,76.822861,77.410004,76.681427,77.378571,50190000,75.72894212,71.933692575,0.701431999999997,76.677139,76.124283,77.07489671428571,0.42730736254380913
2014-04-02,77.482857,77.639999,77.18,77.507141,45105200,75.71031358,72.012656845,0.1285700000000105,77.378571,77.027145,77.14346757142857,0.45592226158910926
2014-04-03,77.341431,77.5,76.805717,76.970001,40586000,75.67397079999999,72.08909971499999,-0.5371400000000079,77.507141,77.855713,77.01693728571429,0.33113903427837643
2014-04-04,77.115715,77.14286,75.797142,75.974289,68812800,75.60437087999999,72.16682830999999,-0.9957119999999975,76.970001,77.111427,76.85448899999999,0.508491131193307
2014-04-07,75.431427,75.842857,74.555717,74.781425,72462600,75.53979934,72.24299257,-1.1928640000000001,75.974289,76.779999,76.56897842857143,0.9374443064548129
2014-04-08,75.027145,75.160004,74.099998,74.777145,60972100,75.46248504,72.32152114499999,-0.004279999999994288,74.781425,76.694283,76.29510157142856,1.1505590696268286
2014-04-09,74.662857,75.784286,74.574287,75.760002,51542400,75.53054228,72.41279258499999,0.9828569999999957,74.777145,76.677139,76.16408200000001,1.1520223590159209
2014-04-10,75.811432,76.034286,74.738571,74.78286,59913000,75.59548522,72.499114035,-0.9771420000000006,75.760002,77.378571,75.79326614285715,1.113043348724468
2014-04-11,74.14286,74.690002,73.877144,74.230003,67929400,75.65214246000001,72.58592834,-0.552857000000003,74.78286,77.507141,75.32510357142857,0.9491561385165389
2014-04-14,74.557144,74.594284,73.887146,74.525711,51418500,75.71237104,72.677285475,0.29570800000000474,74.230003,76.970001,74.97591928571428,0.6435859857998372
2014-04-15,74.324287,74.519997,73.047142,73.994286,66622500,75.75931394,72.764021185,-0.5314249999999987,74.525711,75.974289,74.6930617142857,0.5615485298003878
2014-04-16,74.007141,74.441429,73.44857,74.144287,53691400,75.78851392,72.84244262499999,0.15000100000000316,73.994286,74.781425,74.602042,0.595451370248164
2014-04-17,74.285713,75.394287,74.171425,74.991432,71083600,75.82379972,72.91847835499999,0.8471449999999976,74.144287,74.777145,74.63265442857143,0.6112524944723725
2014-04-21,75.048569,76.019997,74.851425,75.881432,45637200,75.87711408,72.99731409,0.8900000000000006,74.991432,75.760002,74.65000157142858,0.6491281440686649
2014-04-22,75.472855,75.975716,75.214287,75.957146,50640800,75.91145704,73.07894268,0.07571399999999073,75.881432,74.78286,74.81775671428571,0.8187578766999973
2014-04-23,75.580002,75.875717,74.921425,74.964287,98735000,75.89934278,73.157299825,-0.9928589999999957,75.957146,74.230003,74.92265442857142,0.7768717983777327
2014-04-24,81.172859,81.428574,80.104286,81.110001,145397275,75.99022855999999,73.26117127,6.145713999999998,74.964287,74.525711,75.86326728571429,2.4342556845646826
2014-04-25,80.647141,81.71286,80.565712,81.705711,97568800,76.09314282,73.369178395,0.5957099999999969,81.110001,73.994286,76.96489942857143,3.101061868887983
2014-04-28,81.828575,85.10714,81.792854,84.870003,145397275,76.23502866,73.48832127,3.164292000000003,81.705711,74.144287,78.49714457142856,3.9958288678354097
2014-04-29,84.82,85.139999,84.215714,84.618568,84344400,76.37314282,73.60676411,-0.25143500000000074,84.870003,74.991432,79.87244971428571,4.237559135334974
2014-04-30,84.662857,85.632858,84.257141,84.298569,114160200,76.49914274,73.72294266,-0.3199989999999957,84.618568,75.881432,81.07489785714286,4.108580114317065
2014-05-01,84.571426,84.971428,83.765717,84.497147,61012000,76.65374281999999,73.83814268500001,0.1985779999999977,84.298569,75.957146,82.294898,3.568010323674002
2014-05-02,84.620003,84.885712,84.244286,84.654289,47878600,76.82925718,73.95404984,0.15714200000000744,84.497147,74.964287,83.67918399999999,1.57052645993056
2014-05-05,84.305717,85.85714,84.285713,85.851425,71766800,77.04557142,74.074906965,1.1971360000000004,84.654289,81.110001,84.35653028571429,1.2718532349323184
2014-05-06,85.971428,86.344284,84.915718,84.915718,93641100,77.23660002000001,74.195949845,-0.9357070000000078,85.851425,81.705711,84.81510271428571,0.5032380509954714
2014-05-07,85.035713,85.327141,83.961426,84.618568,70716100,77.43737134,74.31453554500001,-0.297150000000002,84.915718,84.870003,84.77918342857143,0.507620544429703
2014-05-08,84.035713,84.915718,83.771431,83.998573,57574300,77.63919994,74.435249845,-0.619995000000003,84.618568,84.618568,84.69061271428572,0.5880353770619683
2014-05-09,83.505714,83.75,82.904289,83.648575,72899400,77.8045428,74.53884272,-0.34999799999999937,83.998573,84.298569,84.59775642857143,0.7007736110381703
2014-05-12,83.927139,84.808571,83.914284,84.690002,53302200,77.99480006,74.649078445,1.041427000000013,83.648575,84.497147,84.62530714285715,0.6999494766162263
2014-05-13,84.571426,84.934288,84.385712,84.822861,39934300,78.18337154,74.75819988500001,0.13285899999999629,84.690002,84.654289,84.64938885714287,0.704000910816166
2014-05-14,84.632858,85.342857,84.534286,84.83857,41601000,78.36231442,74.86254273,0.015709000000001083,84.822861,85.851425,84.50469528571429,0.4861496174650806
2014-05-15,84.957146,85.228569,84.005714,84.117142,57711500,78.52362866,74.95932843,-0.7214280000000031,84.83857,84.915718,84.390613,0.46694096800012463
2014-05-16,84.089996,85.361427,83.628571,85.358574,69064100,78.71437162000001,75.062885595,1.2414320000000032,84.117142,84.618568,84.49632814285714,0.5937112627464791
2014-05-19,85.407143,86.761429,85.332855,86.370003,79438800,78.92622878,75.16853562,1.0114289999999926,85.358574,83.998573,84.83510385714285,0.8731621438762784
2014-05-20,86.358574,86.628571,85.818573,86.387146,58709000,79.13705748000001,75.270085645,0.01714300000000435,86.370003,83.648575,85.22632828571429,0.8664160842983966
2014-05-21,86.261429,86.671425,86.008568,86.615715,49214900,79.33768614,75.367842795,0.22856899999999314,86.387146,84.690002,85.50143014285713,0.9675607923404532
2014-05-22,86.657143,87.121429,86.300003,86.752853,50190000,79.53957182,75.469285625,0.1371380000000073,86.615715,84.822861,85.77714328571429,1.0157527788935004
2014-05-23,86.75,87.818573,86.638573,87.732857,58052400,79.77808608000001,75.575821345,0.9800039999999939,86.752853,84.83857,86.19061285714285,1.1501970092905986
2014-05-27,87.982857,89.408569,87.947144,89.375717,87216500,80.0664862,75.69340706,1.6428599999999989,87.732857,84.117142,86.94183785714286,1.280166197682652
2014-05-28,89.431427,89.975716,89.111427,89.144287,78870400,80.34440048,75.81452137,-0.23142999999998892,89.375717,85.358574,87.482654,1.2993354740692322
2014-05-29,89.692856,90.98143,89.681427,90.76857,94118500,80.6414862,75.934535635,1.6242829999999913,89.144287,86.370003,88.11102071428571,1.6795324082884506
2014-05-30,91.139999,92.024284,89.842857,90.428574,141005200,80.93217194,76.03698566499999,-0.3399959999999993,90.76857,86.387146,88.68836757142856,1.6828041136918386
2014-06-02,90.565712,90.690002,88.928574,89.807144,92337700,81.21774338,76.12994995,-0.6214300000000037,90.428574,86.615715,89.144286,1.4428974802487358
2014-06-03,89.779999,91.248573,89.75,91.077141,73177300,81.51680053999999,76.22968567,1.2699970000000036,89.807144,86.752853,89.76204142857141,1.1429015050795093
2014-06-04,91.062859,92.555717,90.872856,92.117142,83870500,81.81860048,76.331464235,1.0400010000000037,91.077141,87.732857,90.38836785714285,1.0424537393712496
2014-06-05,92.314285,92.767143,91.80143,92.478569,75951400,82.11105760000001,76.43118565,0.36142699999999195,92.117142,89.375717,90.83163242857142,1.1894223730812228
2014-06-06,92.842857,93.03714,92.067146,92.224289,87484600,82.41331484,76.53439995,-0.2542799999999943,92.478569,89.144287,91.27163271428572,1.0186191192114222
2014-06-09,92.699997,93.879997,91.75,93.699997,75415000,82.75171479999999,76.64407135,1.4757079999999974,92.224289,90.76857,91.690408,1.331777089098778
2014-06-10,94.730003,95.050003,93.57,94.25,62777000,83.10282914,76.756064225,0.5500030000000038,93.699997,90.428574,92.23632599999999,1.500826561939008
2014-06-11,94.129997,94.760002,93.470001,93.860001,45681000,83.44648638000001,76.867492795,-0.3899990000000031,94.25,89.807144,92.81530557142857,1.1477337177897666
2014-06-12,94.040001,94.120003,91.900002,92.290001,54749000,83.74471497999998,76.96967850499999,-1.5699999999999932,93.860001,91.077141,92.9885712857143,0.9081425991985566
2014-06-13,92.199997,92.440002,90.879997,91.279999,54525000,84.02017214,77.077085655,-1.010002,92.290001,92.117142,92.86897942857142,1.0807445467763623
2014-06-16,91.510002,92.75,91.449997,92.199997,35561000,84.32477206,77.18744278499999,0.9199979999999925,91.279999,92.478569,92.82918342857143,1.1024279105689945
2014-06-17,92.309998,92.699997,91.800003,92.080002,29726000,84.64688632000001,77.2966285,-0.11999500000000296,92.199997,92.224289,92.808571,1.1168769870885091
2014-06-18,92.269997,92.290001,91.349998,92.18,33514000,84.99485782,77.409514205,0.09999800000001358,92.080002,93.699997,92.59142857142858,1.0610443420117905
2014-06-19,92.290001,92.300003,91.339996,91.860001,35528000,85.33651494,77.51982849999999,-0.3199990000000099,92.18,94.25,92.25000014285715,0.7877186553593591
2014-06-20,91.849998,92.550003,90.900002,90.910004,100898000,85.63951498,77.61817136,-0.9499969999999962,91.860001,93.860001,91.82857200000001,0.529666439962394
2014-06-23,91.32,91.620003,90.599998,90.830002,43694000,85.96045781999999,77.718557105,-0.08000200000000746,90.910004,92.290001,91.6200007142857,0.600415228546369
2014-06-24,90.75,91.739998,90.190002,90.279999,39036000,86.28145774000001,77.81408567,-0.5500029999999896,90.830002,91.279999,91.47714357142857,0.7852958005041584
2014-06-25,90.209999,90.699997,89.650002,90.360001,36869000,86.59814354,77.904335685,0.08000199999999325,90.279999,92.199997,91.21428700000001,0.8105525246640362
2014-06-26,90.370003,91.050003,89.800003,90.900002,32629000,86.93625786000001,78.00552141,0.5400010000000037,90.360001,92.080002,91.04571557142857,0.7179102411074127
2014-06-27,90.82,92.0,90.769997,91.980003,64029000,87.29297217999999,78.131342865,1.0800009999999958,90.900002,92.18,91.01714457142857,0.6674514221676154
2014-06-30,92.099998,93.730003,92.089996,92.93,49482300,87.65174354000001,78.25835714,0.9499970000000104,91.980003,91.860001,91.17000157142857,0.9537645149624419
2014-07-01,93.519997,94.07,93.129997,93.519997,38223000,88.00451484,78.39388570499999,0.5899969999999968,92.93,90.910004,91.5428577142857,1.2870980508041117
2014-07-02,93.870003,94.059998,93.089996,93.480003,28465000,88.35497198000002,78.53977144,-0.03999400000000719,93.519997,90.830002,91.9214292857143,1.424832264983021
2014-07-03,93.669998,94.099998,93.199997,94.029999,22891800,88.73628621999998,78.68469286,0.5499960000000073,93.480003,90.279999,92.45714357142856,1.4097119200823345
2014-07-07,94.139999,95.989998,94.099998,95.970001,56468000,89.03348622,78.832628575,1.9400019999999927,94.029999,90.360001,93.25857214285713,1.600514097021597
2014-07-08,96.269997,96.800003,93.919998,95.349998,65222000,89.30637195999999,78.972021425,-0.620002999999997,95.970001,90.900002,93.89428585714286,1.375509466829174
2014-07-09,95.440002,95.949997,94.760002,95.389999,36436000,89.51677188,79.11510713000001,0.04000100000000373,95.349998,91.980003,94.38142814285713,1.173575978428557
2014-07-10,93.760002,95.550003,93.519997,95.040001,39686000,89.72520054,79.23984998,-0.34999799999999937,95.389999,92.93,94.68285685714285,0.9962214553487272
2014-07-11,95.360001,95.889999,94.860001,95.220001,34018000,89.94362917999999,79.36659284,0.1799999999999926,95.040001,93.519997,94.92571457142857,0.8639217581970131
2014-07-14,95.860001,96.889999,95.650002,96.449997,42810000,90.18268617999998,79.50489282,1.2299959999999999,95.220001,93.480003,95.34999942857144,0.7584409799055584
2014-07-15,96.800003,96.849998,95.029999,95.32,45477900,90.3960004,79.634192825,-1.129997000000003,96.449997,94.029999,95.53428528571429,0.495339313717724
2014-07-16,96.970001,97.099998,94.739998,94.779999,53396300,90.57457187999998,79.763271385,-0.5400009999999895,95.32,95.970001,95.364285,0.5242399500589554
2014-07-17,95.029999,95.279999,92.57,93.089996,57298000,90.73805744,79.888185665,-1.6900030000000044,94.779999,95.349998,95.04142757142857,1.0075955748127217
2014-07-18,93.620003,94.739998,93.019997,94.43,49988000,90.93428607999998,80.011792805,1.3400040000000075,93.089996,95.389999,94.90428485714286,1.0175278718548202
2014-07-21,94.989998,95.0,93.720001,93.940002,39079000,91.13311465999999,80.13180711,-0.48999799999999993,94.43,95.040001,94.74714214285714,1.0763165231926122
2014-07-22,94.68,94.889999,94.120003,94.720001,55197000,91.35454317999998,80.26011426,0.7799989999999895,93.940002,95.220001,94.67571357142857,1.0561068763567099
2014-07-23,95.419998,97.879997,95.169998,97.190002,92918000,91.60454318000001,80.40104283,2.4700010000000105,94.720001,96.449997,94.78142857142858,1.2772043294044906
2014-07-24,97.040001,97.32,96.419998,97.029999,45729000,91.84868594,80.537799955,-0.16000300000000323,97.190002,95.32,95.02571414285715,1.5349151496642106
2014-07-25,96.849998,97.839996,96.639999,97.669998,43469000,92.1053145,80.68262139000001,0.6399990000000031,97.029999,94.779999,95.43857114285716,1.8200042110109542
2014-07-28,97.82,99.239998,97.550003,99.019997,55318000,92.40337159999999,80.83015709499999,1.3499989999999968,97.669998,93.089996,96.28571414285715,1.9218801167956332
2014-07-29,99.330002,99.440002,98.25,98.379997,43143000,92.66380006,80.97231423,-0.6400000000000006,99.019997,94.43,96.84999942857144,1.86525957174922
2014-07-30,98.440002,98.699997,97.669998,98.150002,33010000,92.89940004,81.1110571,-0.2299950000000024,98.379997,93.940002,97.451428,1.388348358405654
2014-07-31,97.160004,97.449997,95.330002,95.599998,56843000,93.08365708,81.23474282,-2.5500040000000013,98.150002,94.720001,97.57714185714285,1.1121704573455113
2014-08-01,94.900002,96.620003,94.809998,96.129997,48511000,93.27394272,81.359192815,0.5299990000000037,95.599998,97.190002,97.42571257142858,1.238639974980342
2014-08-04,96.370003,96.580002,95.169998,95.589996,39958000,93.45068557999998,81.47920708,-0.5400010000000037,96.129997,97.029999,97.21999785714286,1.4214083520699512
2014-08-05,95.360001,95.68,94.360001,95.120003,55933000,93.5984285,81.59444996500001,-0.4699930000000023,95.589996,97.669998,96.85571285714286,1.6021320983242844
2014-08-06,94.75,95.480003,94.709999,94.959999,38558000,93.71011414,81.70575711000001,-0.1600040000000007,95.120003,99.019997,96.27571314285716,1.4116049411944
2014-08-07,94.93,95.949997,94.099998,94.480003,46711000,93.81682846,81.80575711,-0.47999599999999987,94.959999,98.379997,95.71857114285714,1.1957901828642736
2014-08-08,94.260002,94.82,93.279999,94.739998,41865000,93.89625702,81.908121385,0.25999500000000353,94.480003,98.150002,95.2314277142857,0.5721411992769911
2014-08-11,95.269997,96.080002,94.839996,95.989998,36585000,94.0074855,82.013099945,1.25,94.739998,95.599998,95.287142,0.6300700441074222
2014-08-12,96.040001,96.879997,95.610001,95.970001,33795000,94.13074264,82.11301423,-0.019997000000003595,95.989998,96.129997,95.26428542857143,0.5964009369742951
2014-08-13,96.150002,97.239998,96.040001,97.239998,31916000,94.25399978,82.22352848999999,1.2699970000000036,95.970001,95.589996,95.5,0.9611267467593101
2014-08-14,97.330002,97.57,96.800003,97.5,28116000,94.36165693999999,82.33254277,0.26000200000000007,97.239998,95.120003,95.83999957142858,1.1964525384099727
2014-08-15,97.900002,98.190002,96.860001,97.980003,48951000,94.47168562,82.45338562500001,0.4800029999999964,97.5,94.959999,96.27142871428573,1.3596131797588027
2014-08-18,98.489998,99.370003,97.980003,99.160004,47572000,94.61039992000002,82.57425705500002,1.1800010000000043,97.980003,94.480003,96.94000028571429,1.4774433694742226
2014-08-19,99.410004,100.68,99.32,100.529999,69399000,94.74699996,82.703549925,1.369995000000003,99.160004,94.739998,97.76714328571428,1.6510580130278545
2014-08-20,100.440002,101.089996,99.949997,100.57,52699000,94.87339995999999,82.83494992,0.04000099999998952,100.529999,95.989998,98.4214292857143,1.7347951166255924
2014-08-21,100.57,100.940002,100.110001,100.580002,33478000,95.00779998,82.96159992999999,0.010002000000000066,100.57,95.970001,99.08000085714285,1.5094703541313494
2014-08-22,100.290001,101.470001,100.190002,101.32,44184000,95.18839996000001,83.09287850499999,0.7399979999999999,100.580002,97.239998,99.66285828571428,1.4677040273518125
2014-08-25,101.790001,102.169998,101.279999,101.540001,40270000,95.3936,83.228492785,0.22000100000001055,101.32,97.5,100.24000128571427,1.2542581592318343
2014-08-26,101.419998,101.5,100.860001,100.889999,33152000,95.56740004000001,83.36687848,-0.6500020000000006,101.540001,97.980003,100.65571499999999,0.7685658409689546
2014-08-27,101.019997,102.57,100.699997,102.129997,52369000,95.76839994,83.50569989,1.239998,100.889999,99.160004,101.0799997142857,0.6083302420003052
2014-08-28,101.589996,102.779999,101.559998,102.25,68460000,95.96979994000002,83.64619987999998,0.12000299999999697,102.129997,100.529999,101.32571414285714,0.6909130336002341
2014-08-29,102.860001,102.900002,102.199997,102.5,44595000,96.18259992000002,83.78726418000001,0.25,102.25,100.57,101.60142842857142,0.7234039624274708
2014-09-02,103.059998,103.739998,102.720001,103.300003,53564000,96.4303999,83.93188561,0.8000030000000038,102.5,100.580002,101.99000000000001,0.808785954378169
2014-09-03,103.099998,103.199997,98.580002,98.940002,125421000,96.59259990000001,84.049328465,-4.360000999999997,103.300003,101.32,101.65000028571428,1.4123973402221843
2014-09-04,98.849998,100.089996,97.790001,98.120003,85718000,96.74939997999999,84.16493561499999,-0.8199990000000099,98.940002,101.540001,101.16142914285716,1.9470946793819184
2014-09-05,98.800003,99.389999,98.309998,98.970001,58457000,96.92159998000001,84.28933564,0.8499979999999994,98.120003,100.889999,100.88714371428571,2.119320710803077
2014-09-08,99.300003,99.309998,98.050003,98.360001,46356700,97.07079996,84.41002850500001,-0.6099999999999994,98.970001,102.129997,100.34857285714286,2.2271236188877213
2014-09-09,99.080002,103.080002,96.139999,97.989998,145397275,97.19099986,84.53212136499998,-0.370002999999997,98.360001,102.25,99.74000114285715,2.2028546305494126
2014-09-10,98.010002,101.110001,97.760002,101.0,100869600,97.35239986,84.66487851499998,3.010002,97.989998,102.5,99.52571542857143,1.9478186943835842
2014-09-11,100.410004,101.440002,99.620003,101.43,62353100,97.51059992,84.80074280999999,0.4300000000000068,101.0,103.300003,99.25857214285715,1.393166675154514
2014-09-12,101.209999,102.190002,101.080002,101.660004,62626100,97.67419994,84.93494283,0.23000399999999388,101.43,98.940002,99.64714385714285,1.64590160181515
2014-09-15,102.809998,103.050003,101.440002,101.629997,61316500,97.8261999,85.06209283,-0.030006999999997674,101.660004,98.120003,100.14857157142858,1.6377571867828058
2014-09-16,99.800003,101.260002,98.889999,100.860001,66908100,97.9239999,85.176421405,-0.7699960000000061,101.629997,98.970001,100.41857157142859,1.5652632822815087
2014-09-17,101.269997,101.800003,100.589996,101.580002,60926500,98.04859998,85.28712857499998,0.7200009999999963,100.860001,98.360001,100.87857171428571,1.312142127719104
2014-09-18,101.93,102.349998,101.559998,101.790001,37299400,98.17660002000001,85.402342845,0.20999900000001048,101.580002,97.989998,101.4214292857143,0.3545623170437927
2014-09-19,102.290001,102.349998,100.5,100.959999,70902400,98.29499998,85.502628565,-0.8300020000000075,101.790001,101.0,101.41571485714285,0.3627150632990518
2014-09-22,101.800003,102.139999,100.580002,101.059998,52788400,98.41179991999999,85.60435712,0.09999899999999684,100.959999,101.43,101.36285742857144,0.3864682750513756
2014-09-23,100.599998,102.940002,100.540001,102.639999,63402200,98.53559996,85.71191426,1.58000100000001,101.059998,101.660004,101.50285671428571,0.6193736452097827
2014-09-24,102.160004,102.849998,101.199997,101.75,60171800,98.66419995999999,85.820649995,-0.8899990000000031,102.639999,101.629997,101.52,0.6251133470538605
2014-09-25,100.510002,100.709999,97.720001,97.870003,100092000,98.72600004,85.90540715499999,-3.879997000000003,101.75,100.860001,101.09285742857142,1.5250313748527373
2014-09-26,98.529999,100.75,98.400002,100.75,62370500,98.87920012,86.005192885,2.879997000000003,97.870003,101.580002,100.97428571428573,1.5130626109850407
2014-09-29,98.650002,100.440002,98.629997,100.110001,49766300,98.99280014,86.10477147499999,-0.6399990000000031,100.75,101.790001,100.73428571428572,1.4952450985577264
2014-09-30,100.809998,101.540001,100.529999,100.75,55264100,99.1290001,86.20813577000001,0.6399990000000031,100.110001,100.959999,100.70428585714286,1.492065008636961
2014-10-01,100.589996,100.690002,98.699997,99.18,51491300,99.21820008,86.30801434499999,-1.5699999999999932,100.75,101.059998,100.43571471428571,1.5837482425285538
2014-10-02,99.269997,100.220001,98.040001,99.900002,47757800,99.27240008000001,86.40930005499999,0.7200019999999938,99.18,102.639999,100.04428657142856,1.252008914846478
2014-10-03,99.440002,100.209999,99.040001,99.620003,43469600,99.32420016,86.51097863999999,-0.27999900000000366,99.900002,101.75,99.74000128571427,1.0022964830819237
2014-10-06,99.949997,100.650002,99.419998,99.620003,37051200,99.36320026,86.61567151999999,0.0,99.620003,97.870003,99.99000128571427,0.5926768990478859
2014-10-07,99.43,100.120003,98.730003,98.75,42094200,99.35780032000001,86.72052152499998,-0.870002999999997,99.620003,100.75,99.704287,0.6450028438463079
2014-10-08,98.760002,101.110001,98.309998,100.800003,57404700,99.40620043999999,86.83236440499999,2.050003000000004,98.75,100.110001,99.8028587142857,0.7598406668811455
2014-10-09,101.540001,102.379997,100.610001,101.019997,77376500,99.46360034,86.93025724499999,0.2199939999999998,100.800003,100.75,99.84142971428571,0.820374098753964
2014-10-10,100.690002,102.029999,100.300003,100.730003,66331600,99.56620043999999,87.02842870499998,-0.2899940000000072,101.019997,99.18,100.06285871428572,0.8212733582975579
2014-10-13,101.330002,101.779999,99.809998,99.809998,53583400,99.63980046,87.124692975,-0.9200050000000033,100.730003,99.900002,100.050001,0.8249442971114955
2014-10-14,100.389999,100.519997,98.57,98.75,63688600,99.70300054,87.218378695,-1.0599979999999931,99.809998,99.620003,99.92571485714286,0.955699879919913
2014-10-15,97.970001,99.150002,95.18,97.540001,100933600,99.7514005,87.30999300000002,-1.2099989999999963,98.75,99.620003,99.62857171428573,1.3203715449328646
2014-10-16,95.550003,97.720001,95.410004,96.260002,72154500,99.77740055999999,87.39056443999999,-1.2799990000000037,97.540001,98.75,99.27285771428572,1.832572536731659
2014-10-17,97.5,99.0,96.809998,97.669998,68179700,99.84120046,87.48382158,1.4099960000000067,96.260002,100.800003,98.82571414285714,1.7789209060556135
2014-10-20,98.32,99.959999,98.220001,99.760002,77517300,99.94160054,87.59620729,2.0900039999999933,97.669998,101.019997,98.64571485714285,1.571547850732968
2014-10-21,103.019997,103.019997,101.269997,102.470001,94623900,100.07120060000001,87.72003587,2.7099989999999963,99.760002,100.730003,98.894286,2.0275999782758523
2014-10-22,102.839996,104.110001,102.599998,102.989998,68263100,100.21160054,87.849242985,0.5199970000000036,102.470001,99.809998,99.34857171428573,2.5546907764605784
2014-10-23,104.080002,105.050003,103.629997,104.830002,71074700,100.36340062000001,87.98520726500001,1.8400039999999933,102.989998,98.75,100.21714342857145,3.2548820229515263
2014-10-24,105.18,105.489998,104.529999,105.220001,47053900,100.51780064,88.1280787,0.3899990000000031,104.830002,97.540001,101.31428628571427,3.488098265394367
2014-10-27,104.849998,105.480003,104.699997,105.110001,34187700,100.66040059999999,88.27295728000001,-0.10999999999999943,105.220001,96.260002,102.57857185714285,2.9061346482585115
2014-10-28,105.400002,106.739998,105.349998,106.739998,48060900,100.81200048000001,88.42399297,1.629997000000003,105.110001,97.669998,103.87428614285714,2.3146257157062133
2014-10-29,106.650002,107.370003,106.360001,107.339996,52687900,100.94820041999999,88.57041436499999,0.5999979999999994,106.739998,99.760002,104.95714242857143,1.7804830748987357
2014-10-30,106.959999,107.349998,105.900002,106.980003,40654800,101.07640048000002,88.70720010000001,-0.3599930000000029,107.339996,102.470001,105.60142842857144,1.5286748693534506
2014-10-31,108.010002,108.040001,107.209999,108.0,44639300,101.22480044,88.85130723,1.0199970000000036,106.980003,102.989998,106.317143,1.2495950279234866
2014-11-03,108.220001,110.300003,108.010002,109.400002,52282600,101.38640047999999,89.01211438499999,1.4000020000000006,108.0,104.830002,106.97000014285713,1.5098454954072296
2014-11-04,109.360001,109.489998,107.720001,108.599998,41574400,101.52760042,89.16292153500001,-0.8000040000000013,109.400002,105.220001,107.45285685714286,1.3928473407964665
2014-11-05,109.099998,109.300003,108.129997,108.860001,37435900,101.68700046,89.31328584,0.26000299999999754,108.599998,105.110001,107.98857114285715,1.010139824362815
2014-11-06,108.599998,108.790001,107.800003,108.699997,34968500,101.81840045999999,89.4595144,-0.1600040000000007,108.860001,106.739998,108.268571,0.8680137485210526
2014-11-07,108.75,109.32,108.550003,109.010002,33691500,101.9536005,89.6145144,0.31000500000000386,108.699997,107.339996,108.50714328571428,0.796841520660238
2014-11-10,109.019997,109.330002,108.669998,108.830002,27195500,102.08020053999999,89.76545011,-0.18000000000000682,109.010002,106.980003,108.77142885714285,0.42678853244708126
2014-11-11,108.699997,109.75,108.400002,109.699997,27442300,102.20820042000001,89.952164395,0.869995000000003,108.830002,108.0,109.01428557142856,0.3973183730022046
2014-11-12,109.379997,111.43,109.370003,111.25,46942400,102.45440038000001,90.15073582999999,1.5500030000000038,109.699997,109.400002,109.27857099999999,0.9405570747981262
2014-11-13,111.800003,113.449997,111.599998,112.82,59522900,102.74840032,90.35785012499998,1.5699999999999932,111.25,108.599998,109.88142842857143,1.5729528577986795
2014-11-14,113.150002,114.190002,111.209999,114.18,44063600,103.0526003,90.57117871499999,1.3600000000000136,112.82,108.860001,110.64142828571427,2.1693428052445425
2014-11-17,114.269997,117.279999,113.300003,113.989998,46746700,103.36520024,90.782893,-0.1900020000000069,114.18,108.699997,111.3971427142857,2.2979092980149423
2014-11-18,113.940002,115.690002,113.889999,115.470001,44224000,103.7148003,90.996821565,1.4800029999999964,113.989998,109.010002,112.31999971428571,2.4701687317532453
2014-11-19,115.440002,115.739998,113.800003,114.669998,41869200,103.98820026,91.20403584499999,-0.8000029999999896,115.470001,108.830002,113.15428485714286,2.0445287712976605
2014-11-20,114.910004,116.860001,114.849998,116.309998,43395500,104.28580022,91.419507265,1.6399999999999864,114.669998,109.699997,114.09857071428573,1.6765678115314182
2014-11-21,117.510002,117.57,116.029999,116.470001,57179300,104.58200015999999,91.63065728,0.16000300000000323,116.309998,111.25,114.84428514285715,1.321739648016864
2014-11-24,116.849998,118.769997,116.620003,118.629997,47450800,104.92200015999998,91.845957265,2.1599960000000067,116.470001,112.82,115.6742847142857,1.6275525126477743
2014-11-25,119.07,119.75,117.449997,117.599998,68840400,105.2568001,92.05112869499999,-1.0299990000000037,118.629997,114.18,116.16285585714286,1.6175153584307231
2014-11-26,117.940002,119.099998,117.830002,119.0,40768300,105.60520006,92.26332870499999,1.4000020000000006,117.599998,113.989998,116.87857042857142,1.6041861796702417
2014-11-28,119.269997,119.400002,118.050003,118.93,24814400,105.94800003999998,92.46910014999999,-0.06999999999999318,119.0,115.470001,117.372856,1.6306720323656938
2014-12-01,118.809998,119.25,111.269997,115.07,83814000,106.23020006,92.65588584999999,-3.8600000000000136,118.93,114.669998,117.42999914285714,1.523668526943052
2014-12-02,113.5,115.75,112.75,114.629997,59348900,106.50160004000001,92.83904297,-0.44000299999999015,115.07,116.309998,117.18999899999999,1.8308378610162872
2014-12-03,115.75,116.349998,115.110001,115.93,43063400,106.76740006,93.03485725499999,1.3000030000000038,114.629997,116.470001,117.11285600000001,1.8770254261658343
2014-12-04,115.769997,117.199997,115.290001,115.489998,42044500,107.04220002,93.23291439,-0.4400020000000069,115.93,118.629997,116.66428471428571,1.82860532412683
2014-12-05,115.989998,116.080002,114.639999,115.0,38318900,107.38479996,93.432735825,-0.48999799999999993,115.489998,117.599998,116.29285642857144,1.8704436214301547
2014-12-08,114.099998,114.650002,111.620003,112.400002,57664900,107.6178,93.61791439499999,-2.5999979999999994,115.0,119.0,115.34999957142858,1.9405408163698938
2014-12-09,110.190002,114.300003,109.349998,114.120003,60208000,107.89800004,93.8156144,1.7200009999999963,112.400002,118.93,114.66285714285713,1.1536555983148225
2014-12-10,114.410004,114.849998,111.540001,111.949997,44565300,108.12199998,94.00582866999999,-2.1700060000000008,114.120003,115.07,114.21714242857142,1.5159563010414676
2014-12-11,112.260002,113.800003,111.339996,111.620003,41401700,108.37080003999999,94.18702152499998,-0.32999399999999923,111.949997,114.629997,113.78714328571428,1.7827474355747468
2014-12-12,110.459999,111.870003,109.580002,109.730003,56028100,108.56740006,94.35978584499999,-1.8900000000000006,111.620003,115.93,112.90142942857142,2.059379342469996
2014-12-15,110.699997,111.599998,106.349998,108.230003,67218100,108.73960005999999,94.52396442499999,-1.5,109.730003,115.489998,111.86428728571427,2.34656310783414
2014-12-16,106.370003,110.160004,106.260002,106.75,60790700,108.8822,94.67825729500001,-1.4800029999999964,108.230003,115.0,110.68571585714287,2.570284564105095
2014-12-17,107.120003,109.839996,106.82,109.410004,53411800,109.09540008,94.84505016500002,2.6600040000000007,106.75,112.400002,110.25857328571428,2.484944156697771
2014-12-18,111.870003,112.650002,110.660004,112.650002,59006200,109.33240005999998,95.029193045,3.239998,109.410004,114.120003,110.04857314285714,2.1427893117997696
2014-12-19,112.260002,113.239998,111.660004,111.779999,88429800,109.5476001,95.209207315,-0.870002999999997,112.650002,111.949997,110.02428771428572,2.118473135246412
2014-12-22,112.160004,113.489998,111.970001,112.940002,45167500,109.79180008000002,95.39467877000001,1.1600030000000032,111.779999,111.620003,110.21285900000001,2.3321570545616144
2014-12-23,113.230003,113.330002,112.459999,112.540001,26028400,110.04640013999999,95.574457365,-0.40000100000000316,112.940002,109.730003,110.6142872857143,2.472790813846983
2014-12-24,112.580002,112.709999,112.010002,112.010002,14479600,110.31160017999999,95.75121453,-0.5299990000000037,112.540001,108.230003,111.15428714285714,2.269734769484646
2014-12-26,112.099998,114.519997,112.010002,113.989998,33721000,110.64060012,95.94212879999999,1.9799959999999999,112.010002,106.75,112.18857257142858,1.4180656976517407
2014-12-29,113.790001,114.769997,113.699997,113.910004,27598900,110.99360016,96.13690026500001,-0.07999399999999923,113.989998,109.410004,112.83142971428572,0.8578546546884904
2014-12-30,113.639999,113.919998,112.110001,112.519997,29881500,111.29060014000001,96.32325738499999,-1.390006999999997,113.910004,112.650002,112.81285757142857,0.8638236220441213
2014-12-31,112.82,113.129997,110.209999,110.379997,41403400,111.50300004,96.49558594999999,-2.1400000000000006,112.519997,111.779999,112.61285728571428,1.228085259760519
2015-01-02,111.389999,111.440002,107.349998,109.330002,53204600,111.64020005999998,96.662764525,-1.0499950000000098,110.379997,112.940002,112.097143,1.7251834213050738
2015-01-05,108.290001,108.650002,105.410004,106.25,64285500,111.7054001,96.816371665,-3.0800019999999932,109.330002,112.540001,111.19857142857143,2.7748420073433464
2015-01-06,106.540001,107.43,104.629997,106.260002,65797100,111.73400009999999,96.96705026,0.010002000000000066,106.25,112.010002,110.37714285714286,3.296622593330966
2015-01-07,107.199997,108.199997,106.699997,107.75,40105900,111.78460008,97.120664535,1.489998,106.260002,113.989998,109.48571457142857,2.985882608926225
2015-01-08,109.230003,112.150002,108.699997,111.889999,59364500,111.92020004,97.290835965,4.139999000000003,107.75,113.910004,109.19714242857142,2.553308285995467
2015-01-09,112.669998,113.25,110.209999,112.010002,53699500,112.02560012,97.46532883999998,0.12000299999999697,111.889999,112.519997,109.124286,2.4477867306141063
2015-01-12,112.599998,112.629997,108.800003,109.25,49650800,112.0638002,97.62767884499999,-2.760002,112.010002,110.379997,108.96285785714285,2.3876955364449195
2015-01-13,111.43,112.800003,108.910004,110.220001,67091900,112.12860016,97.795307435,0.9700009999999963,109.25,109.330002,109.09000057142858,2.433755569073605
2015-01-14,109.040001,110.489998,108.5,109.800003,48956600,112.16460022,97.960921755,-0.41999799999999254,110.220001,106.25,109.59714385714287,2.088745119169543
2015-01-15,110.0,110.059998,106.660004,106.82,60014000,112.11300018000001,98.1081289,-2.9800030000000106,109.800003,106.260002,109.67714357142857,1.945436951162829
2015-01-16,107.029999,107.580002,105.199997,105.989998,78513300,112.06080018,98.25054318500001,-0.8300019999999932,106.82,107.75,109.42571471428572,2.3146992034342975
2015-01-20,107.839996,108.970001,106.5,108.720001,49899900,112.05800018,98.40929318499998,2.7300029999999964,105.989998,111.889999,108.97285785714287,2.0468176066176462
2015-01-21,108.949997,111.059998,108.269997,109.550003,48575900,112.07500030000001,98.577171755,0.8300020000000075,108.720001,112.010002,108.62142942857143,1.6010992201783856
2015-01-22,110.260002,112.470001,109.720001,112.400002,53796400,112.1428003,98.76526464,2.849998999999997,109.550003,109.25,109.07142971428571,2.154302678804309
2015-01-23,112.300003,113.75,111.529999,112.980003,46464800,112.22580032000002,98.95627893000001,0.5800009999999958,112.400002,110.220001,109.46571571428571,2.6049830189555405
2015-01-26,113.739998,114.360001,112.800003,113.099998,55615000,112.29380034,99.14297891,0.11999500000000296,112.980003,109.800003,109.93714357142856,2.9511627467184973
2015-01-27,112.419998,112.480003,109.029999,109.139999,95568700,112.25160032,99.314764605,-3.9599989999999963,113.099998,106.82,110.26857199999999,2.658511837655184
2015-01-28,117.629997,118.120003,115.309998,115.309998,145397275,112.30140028,99.52016458,6.16999899999999,109.139999,105.989998,111.60000057142858,2.4868647430047823
2015-01-29,116.32,119.190002,115.559998,118.900002,84436400,112.39580031999999,99.742036035,3.5900040000000075,115.309998,108.720001,113.05428642857143,3.349078712763575
2015-01-30,118.400002,120.0,116.849998,117.160004,83745500,112.45920044,99.957864625,-1.739998,118.900002,109.550003,114.14142942857143,3.255808257487695
2015-02-02,118.050003,119.169998,116.080002,118.629997,62739100,112.52240036,100.18029317499999,1.4699930000000023,117.160004,112.400002,115.0314287142857,3.53957866399015
2015-02-03,118.5,119.089996,117.610001,118.650002,51915700,112.60200044,100.398586025,0.020004999999997608,118.629997,112.980003,115.84142857142858,3.6392473923028317
2015-02-04,118.5,120.510002,118.309998,119.559998,70149700,112.66700044,100.616978855,0.9099959999999925,118.650002,113.099998,116.76428571428572,3.6472681413304198
2015-02-05,120.019997,120.230003,119.25,119.940002,42246200,112.73640046,100.83689313500001,0.3800040000000138,119.559998,109.139999,118.30714328571428,1.586818042199482
2015-02-06,120.019997,120.25,118.449997,118.93,43706600,112.74240052,101.0567217,-1.010002,119.940002,115.309998,118.82428642857143,0.8794847360548584
2015-02-09,118.550003,119.839996,118.43,119.720001,38889800,112.78480058,101.2497717,0.7900009999999895,118.93,118.900002,118.94142914285715,0.9435284170656101
2015-02-10,120.169998,122.150002,120.160004,122.019997,62008500,112.84520051999999,101.45134312999998,2.2999960000000073,119.720001,117.160004,119.63571385714286,1.1741210118535375
2015-02-11,122.769997,124.919998,122.5,124.879997,73561800,112.96420046000001,101.65139309999999,2.8599999999999994,122.019997,118.629997,120.52857100000001,2.20537385514387
2015-02-12,126.059998,127.480003,125.57,126.459999,74474500,113.19200043999999,101.86060025500001,1.5800019999999932,124.879997,118.650002,121.64428485714286,2.947347332772057
2015-02-13,127.279999,127.279999,125.650002,127.080002,54272200,113.44100054,102.07450741999999,0.620002999999997,126.459999,119.559998,122.71857114285714,3.397186821194045
2015-02-17,127.489998,128.880005,126.919998,127.830002,63152400,113.67900058000001,102.29117169499999,0.75,127.080002,119.940002,123.845714,3.623037205886424
2015-02-18,127.629997,128.779999,127.449997,128.720001,44891700,113.94360064,102.51150025500002,0.8899990000000031,127.830002,118.93,125.24428557142856,3.2828037842962647
2015-02-19,128.479996,129.029999,128.330002,128.449997,37362400,114.21260058,102.724493115,-0.27000400000000013,128.720001,119.720001,126.49142785714285,2.3640404215583968
2015-02-20,128.619995,129.5,128.050003,129.5,48948400,114.55460054,102.947414525,1.0500030000000038,128.449997,122.019997,127.55999971428571,1.5597550245681886
2015-02-23,130.020004,133.0,129.660004,133.0,70974100,114.93220047999999,103.189321685,3.5,129.5,124.879997,128.72000014285715,2.1443334636503923
2015-02-24,132.940002,133.600006,131.169998,132.169998,69228100,115.3366005,103.43017881,-0.8300020000000075,133.0,126.459999,129.53571428571428,2.2258387605784167
2015-02-25,131.559998,131.600006,128.149994,128.789993,74711700,115.68000030000002,103.65588589999999,-3.380004999999983,132.169998,127.080002,129.7799987142857,1.9930714303983794
2015-02-26,128.789993,130.869995,126.610001,130.419998,91287500,116.09380019999999,103.88453588,1.6300049999999828,128.789993,127.830002,130.14999814285713,1.80198118839648
2015-02-27,130.0,130.570007,128.240005,128.460007,62014800,116.49840028,104.10272160999999,-1.9599910000000023,130.419998,128.720001,130.1128561428571,1.838674284968058
2015-03-02,129.25,130.279999,128.300003,129.089996,48096700,116.9452002,104.32397874,0.6299890000000232,128.460007,128.449997,130.20428457142856,1.7562729000747384
2015-03-03,128.960007,129.520004,128.089996,129.360001,37816300,117.34420014,104.55019303499999,0.2700049999999976,129.089996,129.5,130.18428471428572,1.766397701003056
2015-03-04,129.100006,129.559998,128.320007,128.539993,31666300,117.66199996000002,104.76610013,-0.8200080000000014,129.360001,133.0,129.54714085714286,1.3325878105684064
2015-03-05,128.580002,128.75,125.760002,126.410004,56517100,117.95460005999999,104.96630013499998,-2.129989000000009,128.539993,132.169998,128.72428457142857,1.2163704505128021
2015-03-06,128.399994,129.369995,126.260002,126.599998,72842100,118.22779998,105.167364395,0.18999399999999866,126.410004,128.789993,128.41142814285715,1.4549034482834007
2015-03-09,127.959999,129.570007,125.059998,127.139999,88528500,118.51979994000001,105.369985815,0.5400010000000037,126.599998,130.419998,127.94285685714286,1.20732004239927
2015-03-10,126.410004,127.220001,123.800003,124.510002,68856600,118.76979994,105.55877156000001,-2.629997000000003,127.139999,128.460007,127.37857042857142,1.73367836763037
2015-03-11,124.75,124.769997,122.110001,122.239998,68939000,118.93479994,105.731307265,-2.270004,124.510002,129.089996,126.3999992857143,2.408546686283495
2015-03-12,122.309998,124.900002,121.629997,124.449997,48362700,119.1455998,105.906678665,2.2099989999999963,122.239998,129.360001,125.69857014285715,2.0977552172348024
2015-03-13,124.400002,125.400002,122.580002,123.589996,51827300,119.36699977999999,106.07890721,-0.8600009999999969,124.449997,128.539993,124.9914277142857,1.7923685387147108
2015-03-16,123.879997,124.949997,122.870003,124.949997,35874300,119.65839978,106.24981434499999,1.360000999999997,123.589996,126.410004,124.78285528571428,1.6812867339937363
2015-03-17,125.900002,127.32,125.650002,127.040001,51023100,120.01259976,106.43287147999999,2.0900040000000075,124.949997,126.599998,124.84571285714286,1.766606544709158
2015-03-18,127.0,129.160004,126.370003,128.470001,65270900,120.45699978,106.62618576499999,1.4299999999999926,127.040001,127.139999,125.03571314285715,2.095407954711255
2015-03-19,128.75,129.25,127.400002,127.5,45809500,120.88179974,106.80830006000001,-0.9700009999999963,128.470001,124.510002,125.46285571428572,2.268023701165093
2015-03-20,128.25,128.399994,125.160004,125.900002,68695100,121.24479978,106.97721436,-1.5999979999999994,127.5,122.239998,125.98571342857143,1.7679655330890807
2015-03-23,127.120003,127.849998,126.519997,127.209999,37709700,121.55119978,107.15087151,1.3099969999999956,125.900002,124.449997,126.37999942857142,1.673640384511039
2015-03-24,127.230003,128.039993,126.559998,126.690002,32842300,121.84479977999999,107.323200075,-0.5199969999999894,127.209999,123.589996,126.82285742857142,1.136189011982698
2015-03-25,126.540001,126.82,123.379997,123.379997,51655200,122.12739972,107.47160007500001,-3.310005000000004,126.690002,124.949997,126.59857171428573,1.6196247507775332
2015-03-26,122.760002,124.879997,122.599998,124.239998,47572900,122.40779965999998,107.62155006500001,0.8600009999999969,123.379997,127.040001,126.19857128571428,1.8251535894922806
2015-03-27,124.57,124.699997,122.910004,123.25,39546200,122.6767996,107.76850006000001,-0.9899979999999999,124.239998,128.470001,125.45285685714286,1.8087363622412025
2015-03-30,124.050003,126.400002,124.0,126.370003,47099700,123.06779965999998,107.93890007,3.120002999999997,123.25,127.5,125.29142871428573,1.6379413935093399
2015-03-31,126.089996,126.489998,124.360001,124.43,42090600,123.4365997,108.10465007500001,-1.9400029999999902,126.370003,125.900002,125.08142842857141,1.6411433614576107
2015-04-01,124.82,125.120003,123.099998,124.25,40621400,123.74719968,108.26490009000001,-0.18000000000000682,124.43,127.209999,124.65857142857143,1.3582411085837316
2015-04-02,125.029999,125.559998,124.190002,125.32,32220100,124.06259961999999,108.43110008,1.0699999999999932,124.25,126.690002,124.46285685714285,1.0886965975086769
2015-04-06,124.470001,127.510002,124.330002,127.349998,37194000,124.36159954,108.60695007,2.029998000000006,125.32,123.379997,125.02999985714287,1.4155683146111042
2015-04-07,127.639999,128.119995,125.980003,126.010002,35012300,124.62219952,108.77770007500001,-1.3399959999999993,127.349998,124.239998,125.28285757142858,1.4090034315065993
2015-04-08,125.849998,126.400002,124.970001,125.599998,37329200,124.87219952,108.95115004499999,-0.4100040000000007,126.010002,123.25,125.61857157142857,1.0871127614873564
2015-04-09,125.849998,126.580002,124.660004,126.559998,32484000,125.22059949999999,109.12980002500001,0.9599999999999937,125.599998,126.370003,125.64571371428572,1.1111077501205484
2015-04-10,125.949997,127.209999,125.260002,127.099998,40188000,125.4563995,109.31390002,0.5400000000000063,126.559998,124.43,126.02714200000001,1.0821223577488845
2015-04-13,128.369995,128.570007,126.610001,126.849998,36365100,125.61539941999999,109.49635000500001,-0.25,127.099998,124.25,126.39857028571429,0.7723425720291094
2015-04-14,127.0,127.290001,125.910004,126.300003,25524600,125.79819939999999,109.67335001,-0.5499949999999956,126.849998,125.32,126.53857071428571,0.6175595922658181
2015-04-15,126.410004,127.129997,126.010002,126.779999,28970400,125.96119944,109.84734999,0.47999599999999987,126.300003,127.349998,126.45714228571428,0.523089914877801
2015-04-16,126.279999,127.099998,126.110001,126.169998,28369000,126.11159936,110.01354998,-0.6100009999999969,126.779999,126.010002,126.47999885714285,0.5034214271675709
2015-04-17,125.550003,126.139999,124.459999,124.75,51957000,126.21539940000001,110.16969999499999,-1.4199980000000068,126.169998,125.599998,126.35857057142857,0.7784471227098576
2015-04-20,125.57,128.119995,125.169998,127.599998,47054300,126.36859932000002,110.34029996999999,2.8499979999999994,124.75,126.559998,126.507142,0.9112202718375083
2015-04-21,128.100006,128.199997,126.669998,126.910004,32435100,126.52819939999999,110.504699995,-0.6899939999999987,127.599998,127.099998,126.48,0.8932708659756898
2015-04-22,126.989998,128.869995,126.32,128.619995,37654500,126.70619928,110.66794996499999,1.709990999999988,126.910004,126.849998,126.73285671428572,1.2098706194128752
2015-04-23,128.300003,130.419998,128.139999,129.669998,45770900,126.8591993,110.839549965,1.0500030000000038,128.619995,126.300003,127.21428457142858,1.6124385578555078
2015-04-24,130.490005,130.630005,129.229996,130.279999,44525900,126.96719934000001,111.013999965,0.6100010000000111,129.669998,126.779999,127.71428457142858,1.9604314838471397
2015-04-27,132.309998,133.130005,131.149994,132.649994,96954200,127.09099924,111.20204992999999,2.3699949999999887,130.279999,126.169998,128.63999828571428,2.5507363315988973
2015-04-28,134.460007,134.539993,129.570007,130.559998,118924000,127.16059915999999,111.37874991499999,-2.089995999999985,132.649994,124.75,129.469998,1.948056747976796
2015-04-29,130.160004,131.589996,128.300003,128.639999,63386100,127.17679909999998,111.53969992499998,-1.9199990000000184,130.559998,127.599998,129.6185695714286,1.8169128724832124
2015-04-30,128.639999,128.639999,124.580002,125.150002,83195400,127.10539912,111.688849935,-3.4899969999999882,128.639999,126.910004,129.3671407142857,2.3092671171981918
2015-05-01,126.099998,130.130005,125.300003,128.949997,58512600,127.11539912,111.859699925,3.7999949999999956,125.150002,128.619995,129.41428385714286,2.294795290071298
2015-05-04,129.5,130.570007,128.259995,128.699997,50988300,127.09939906000001,112.03774992999999,-0.25,128.949997,129.669998,129.2757122857143,2.306039677620963
2015-05-05,128.149994,128.449997,125.779999,125.800003,49271400,126.95539911999998,112.19459994500001,-2.8999939999999924,128.699997,130.279999,128.63571285714286,2.5855909164341635
2015-05-06,126.559998,126.75,123.360001,125.010002,72141000,126.8121992,112.34994994499999,-0.7900010000000037,125.800003,132.649994,127.54428542857143,2.191061828799036
2015-05-07,124.769997,126.080002,124.019997,125.260002,43940900,126.74159937999998,112.50264994999999,0.25,125.010002,130.559998,126.78714314285715,1.8670426262130373
2015-05-08,126.68,127.620003,126.110001,127.620003,55550400,126.68559948000001,112.654799955,2.360000999999997,125.260002,128.639999,126.64142942857143,1.7333513933588243
2015-05-11,127.389999,127.559998,125.629997,126.32,42035800,126.64279934,112.80124996,-1.3000030000000038,127.620003,125.150002,126.808572,1.6181495061604572
2015-05-12,125.599998,126.879997,124.82,125.870003,48160000,126.57839948,112.942249985,-0.4499969999999962,126.32,128.949997,126.36857285714287,1.3323202169433155
2015-05-13,126.150002,127.190002,125.870003,126.010002,34694200,126.51139950000001,113.07720001,0.1399990000000031,125.870003,128.699997,125.98428785714285,0.8475231324252704
2015-05-14,127.410004,128.949997,127.160004,128.949997,45203500,126.51959957999999,113.23005001,2.939994999999996,126.010002,125.800003,126.43428700000001,1.3936611240078192
2015-05-15,129.070007,129.490005,128.210007,128.770004,38208000,126.56679958000001,113.38315001999999,-0.17999299999999607,128.949997,125.010002,126.97143014285714,1.4754137737630786
2015-05-18,128.380005,130.720001,128.360001,130.190002,50882900,126.63859966,113.55610004,1.4199979999999925,128.770004,125.260002,127.67571585714286,1.6841993529497528
2015-05-19,130.690002,130.880005,129.639999,130.070007,44633200,126.69719981999998,113.72580008999999,-0.11999499999998875,130.190002,127.620003,128.02571642857143,1.9101129162595243
2015-05-20,130.0,130.979996,129.339996,130.059998,36454900,126.80819974,113.89815010000001,-0.010008999999996604,130.070007,126.32,128.56000185714285,1.876246015320555
2015-05-21,130.070007,131.630005,129.830002,131.389999,39730400,126.99119976,114.07950008,1.3300009999999816,130.059998,125.870003,129.3485727142857,1.7098575311041564
2015-05-22,131.600006,132.970001,131.399994,132.539993,45596000,127.15299968,114.26740004999999,1.1499940000000208,131.389999,126.010002,130.28142857142856,1.3221980017117556
2015-05-26,132.600006,132.910004,129.119995,129.619995,70697600,127.27359966,114.44310001,-2.919998000000021,132.539993,128.949997,130.37714257142858,1.230846692716528
2015-05-27,130.339996,132.259995,130.050003,132.039993,45833200,127.41539958,114.629599985,2.419998000000021,129.619995,128.770004,130.84428385714287,1.1361141213307038
2015-05-28,131.860001,131.949997,131.100006,131.779999,30733300,127.51019954000002,114.80854998999999,-0.25999400000000605,132.039993,130.190002,131.0714262857143,1.1424282676319084
2015-05-29,131.229996,131.449997,129.899994,130.279999,50884500,127.54639949999999,114.98009997999999,-1.5,131.779999,130.070007,131.10142514285715,1.1141567157025138
2015-06-01,130.279999,131.389999,130.050003,130.539993,32112800,127.60719936,115.146599955,0.25999400000000605,130.279999,130.059998,131.16999585714285,1.0524410577335632
2015-06-02,129.860001,130.660004,129.320007,129.960007,33667600,127.68839946,115.30889998999999,-0.5799860000000194,130.539993,131.389999,130.96571128571426,1.1379322935846408
2015-06-03,130.660004,130.940002,129.899994,130.119995,30983500,127.74659937999999,115.46959994999999,0.15998799999999846,129.960007,132.539993,130.61999728571428,0.9282227965412458
2015-06-04,129.580002,130.580002,128.910004,129.360001,38450100,127.79999935999999,115.62059993499999,-0.7599939999999776,130.119995,129.619995,130.5828552857143,0.9787334274071694
2015-06-05,129.5,129.690002,128.360001,128.649994,35626800,127.90539930000001,115.76119991,-0.7100070000000187,129.360001,132.039993,130.0985697142857,0.9762589786277375
2015-06-08,128.899994,129.210007,126.830002,127.800003,52674800,127.97659940000001,115.897349925,-0.8499909999999886,128.649994,131.779999,129.52999885714286,0.9926214720062935
2015-06-09,126.699997,128.080002,125.620003,127.419998,56075400,128.05999936,116.031549905,-0.38000499999999704,127.800003,130.279999,129.1214272857143,1.199504940946377
2015-06-10,127.919998,129.339996,127.849998,128.880005,39087300,128.1101994,116.16934993000001,1.4600070000000045,127.419998,130.539993,128.88428614285712,1.0234889026407226
2015-06-11,129.179993,130.179993,128.479996,128.589996,35390900,128.19339932,116.30459990499999,-0.29000899999999774,128.880005,129.960007,128.6885702857143,0.9079717003210163
2015-06-12,128.190002,128.330002,127.110001,127.169998,36886200,128.25179928,116.43599990000001,-1.4199980000000068,128.589996,130.119995,128.26714214285715,0.8124396355659143
2015-06-15,126.099998,127.239998,125.709999,126.919998,43988900,128.28379924,116.55994990500001,-0.25,127.169998,129.360001,127.9185702857143,0.7884890034622837
2015-06-16,127.029999,127.849998,126.370003,127.599998,31494100,128.28879924,116.686699895,0.6799999999999926,126.919998,128.649994,127.76857085714286,0.7233369780502512
2015-06-17,127.720001,127.879997,126.739998,127.300003,32918100,128.31459926,116.81069991,-0.29999499999999557,127.599998,127.800003,127.6971422857143,0.7441048172488677
2015-06-18,127.230003,128.309998,127.220001,127.879997,35407200,128.36019924000001,116.93359988,0.5799939999999992,127.300003,127.419998,127.76285642857144,0.7358159105997104
2015-06-19,127.709999,127.82,126.400002,126.599998,54716900,128.36099924,117.07189986000002,-1.2799990000000037,127.879997,128.880005,127.43714114285714,0.6595624798012301
2015-06-22,127.489998,128.059998,127.080002,127.610001,34039300,128.3711993,117.21934985,1.0100029999999975,126.599998,128.589996,127.29714185714285,0.4422939439519224
2015-06-23,127.480003,127.610001,126.879997,127.029999,30268900,128.37479932,117.35964984,-0.5800019999999932,127.610001,127.169998,127.27714200000001,0.452058879434309
2015-06-24,127.209999,129.800003,127.120003,128.110001,55280900,128.41099928,117.50839984,1.0800020000000075,127.029999,126.919998,127.44714242857142,0.5147725452398312
2015-06-25,128.860001,129.199997,127.5,127.5,31938100,128.42539929999998,117.65594985,-0.6100010000000111,128.110001,127.599998,127.43285700000001,0.5111987908909882
2015-06-26,127.669998,127.989998,126.510002,126.75,44066800,128.43699934,117.78469985,-0.75,127.5,127.300003,127.35428514285715,0.573494254960952
2015-06-29,125.459999,126.470001,124.480003,124.529999,49161400,128.43259932,117.900199845,-2.2200009999999963,126.75,127.879997,126.875714,1.1597687162680572
2015-06-30,125.57,126.120003,124.860001,125.43,44370700,128.38919936,118.019049825,0.9000010000000032,124.529999,126.599998,126.70857142857142,1.2838025571362868
2015-07-01,126.900002,126.940002,125.989998,126.599998,30238800,128.38299924,118.14389983000001,1.1699979999999925,125.43,127.610001,126.56428528571429,1.2208178620812438
2015-07-02,126.43,126.690002,125.769997,126.440002,27211000,128.33939938,118.271799835,-0.15999599999999248,126.599998,127.029999,126.48,1.203550755056212
2015-07-06,124.940002,126.230003,124.849998,126.0,28060400,128.26599941999999,118.393899825,-0.4400020000000069,126.440002,128.110001,126.1785712857143,0.9685632289982931
2015-07-07,125.889999,126.150002,123.769997,125.690002,46946800,128.17419948,118.51339983,-0.3099979999999931,126.0,127.5,125.92000014285715,0.7802992182469671
2015-07-08,124.480003,124.639999,122.540001,122.57,60761600,127.9725996,118.621449835,-3.1200020000000137,125.690002,126.75,125.32285728571428,1.3958716077186022
2015-07-09,123.849998,124.059998,119.220001,120.07,78595000,127.76279964000001,118.716499845,-2.5,122.57,124.529999,124.68571457142856,2.443118731106266
2015-07-10,121.940002,123.849998,121.209999,123.279999,61354500,127.65559964,118.819699845,3.2099990000000105,120.07,125.43,124.37857157142857,2.4689637676943095
2015-07-13,125.029999,125.760002,124.32,125.660004,41440500,127.66579968,118.93924986500001,2.380004999999997,123.279999,126.599998,124.24428671428572,2.3507374462977
2015-07-14,126.040001,126.370003,125.040001,125.610001,31768100,127.59899976000001,119.077949855,-0.050003000000003794,125.660004,126.440002,124.12571514285715,2.2398435443867046
2015-07-15,125.720001,127.150002,125.580002,126.82,33649200,127.56139981999999,119.208299855,1.2099989999999963,125.610001,126.0,124.24285799999998,2.3717632204347434
2015-07-16,127.739998,128.570007,127.349998,128.509995,36222400,127.61559966,119.35029982500001,1.6899950000000104,126.82,125.690002,124.64571414285714,2.8498463572624066
2015-07-17,129.080002,129.619995,128.309998,129.619995,46164700,127.70779952000001,119.4946498,1.1099999999999852,128.509995,122.57,125.65285628571428,3.2162161860240768
2015-07-20,130.970001,132.970001,130.699997,132.070007,58900200,127.84399962000002,119.65909983499999,2.450012000000015,129.619995,120.07,127.36714300000001,2.929856815128869
2015-07-21,132.850006,132.919998,130.320007,130.75,76756400,127.90659956000002,119.813349825,-1.320007000000004,132.070007,123.279999,128.434286,2.5255950411573878
2015-07-22,121.989998,125.5,121.989998,125.220001,115450600,127.88459958,119.94134981500001,-5.529999000000004,130.75,125.660004,128.37142842857142,2.610207903507958
2015-07-23,126.199997,127.089996,125.059998,125.160004,50999500,127.8703996,120.06904982,-0.05999699999999564,125.220001,125.610001,128.30714314285714,2.693756640476131
2015-07-24,125.32,125.739998,123.900002,124.5,42162300,127.84019956,120.19779982,-0.6600040000000007,125.160004,126.82,127.97571457142858,3.0290751868570456
2015-07-27,123.089996,123.610001,122.120003,122.769997,44455500,127.71659955999999,120.30764979,-1.7300029999999964,124.5,128.509995,127.15571485714285,3.5860614900594223
2015-07-28,123.379997,123.910004,122.550003,123.379997,33618100,127.60879942,120.41944979,0.6099999999999994,122.769997,129.619995,126.26428657142857,3.6464567289628325
2015-07-29,123.150002,123.5,122.269997,122.989998,37011700,127.46479933999998,120.530749765,-0.3899990000000031,123.379997,132.070007,124.96714242857142,2.739111033407422
2015-07-30,122.32,122.57,121.709999,122.370003,33628300,127.31079925999998,120.64354979,-0.619995000000003,122.989998,130.75,123.77,1.175302590826144
2015-07-31,122.599998,122.639999,120.910004,121.300003,42885000,127.13559936,120.756299805,-1.0699999999999932,122.370003,125.220001,123.21000028571427,1.2968681248828728
2015-08-03,121.5,122.57,117.519997,118.440002,69976000,126.87659942,120.86079980999999,-2.860000999999997,121.300003,125.160004,122.25,1.9403765493674958
2015-08-04,117.419998,117.699997,113.25,114.639999,124138600,126.51859954000001,120.952699795,-3.800003000000004,118.440002,124.5,120.84142842857143,3.202901419992909
2015-08-05,112.949997,117.440002,112.099998,115.400002,99312600,126.23419968,121.04134981499999,0.7600029999999975,114.639999,122.769997,119.788572,3.644211466278174
2015-08-06,115.970001,116.5,114.120003,115.129997,52903000,125.89599976,121.11819979,-0.2700049999999976,115.400002,123.379997,118.61000057142857,3.6231302414718125
2015-08-07,114.580002,116.25,114.5,115.519997,38670400,125.57079972,121.18344976999998,0.39000000000000057,115.129997,122.989998,117.54285757142858,3.192559626172796
2015-08-10,116.529999,119.989998,116.529999,119.720001,54951600,125.35959976,121.26709978500001,4.200003999999993,115.519997,122.370003,117.16428585714286,2.632806693752399
2015-08-11,117.809998,118.18,113.330002,113.489998,97082800,125.01859986,121.31039976499999,-6.230002999999996,119.720001,121.300003,116.04857085714286,2.208790082181289
2015-08-12,112.529999,115.419998,109.629997,115.239998,101217500,124.72419968,121.36049975,1.75,113.489998,118.440002,115.59142742857144,1.946985195849099
2015-08-13,116.040001,116.400002,114.540001,115.150002,48535800,124.42479982,121.41069975500001,-0.0899959999999993,115.239998,114.639999,115.66428499999999,1.9147232563927536
2015-08-14,114.32,116.309998,114.010002,115.959999,42929500,124.15679978,121.45679976,0.8099969999999956,115.150002,115.400002,115.74428457142858,1.91353915721338
2015-08-17,116.040001,117.650002,115.5,117.160004,40884700,123.92699998,121.50589980000001,1.2000050000000044,115.959999,115.129997,116.03428557142857,1.9582305302300111
2015-08-18,116.43,117.440002,116.010002,116.5,34560700,123.70099992,121.553499785,-0.6600040000000007,117.160004,115.519997,116.17428600000001,1.9503502767206469
2015-08-19,116.099998,116.519997,114.68,115.010002,48286500,123.45280000000001,121.588549795,-1.489998,116.5,119.720001,115.501429,1.185854388595944
2015-08-20,114.080002,114.349998,111.629997,112.650002,68501600,123.12819994000002,121.604799795,-2.3599999999999994,115.010002,113.489998,115.38142957142858,1.4388355253629737
2015-08-21,110.43,111.900002,105.650002,105.760002,128275500,122.67160006,121.590599815,-6.890000000000001,112.650002,115.239998,114.02714442857143,3.9186463202655206
2015-08-24,94.870003,108.800003,92.0,103.120003,145397275,122.19060016000002,121.561899825,-2.639999000000003,105.760002,115.150002,112.30857314285716,5.614939122088441
2015-08-25,111.110001,111.110001,103.5,103.739998,103601600,121.72700016,121.53709982999999,0.619995000000003,103.120003,115.959999,110.56285871428572,6.163334935923843
2015-08-26,107.089996,109.889999,105.050003,109.690002,96774600,121.36880024,121.54049982999999,5.950004000000007,103.739998,117.160004,109.49571557142858,5.434276656951044
2015-08-27,112.230003,113.239998,110.019997,112.919998,84616100,121.08120014,121.56094981,3.229996,109.690002,116.5,108.98428671428573,4.796230640974982
2015-08-28,112.169998,113.309998,111.540001,113.290001,53164400,120.78940022,121.57889983000001,0.370002999999997,112.919998,115.010002,108.7385722857143,4.468972139680063
2015-08-31,112.029999,114.529999,112.0,112.760002,56229300,120.51260030000002,121.58644984,-0.5299990000000037,113.290001,112.650002,108.75428657142857,4.48518223110154
2015-09-01,110.150002,111.879997,107.360001,107.720001,76845900,120.11480030000001,121.56094984500001,-5.040001000000004,112.760002,105.760002,109.03428642857143,4.325435719587565
2015-09-02,110.230003,112.339996,109.129997,112.339996,61888800,119.82100023999999,121.551749825,4.619995000000003,107.720001,103.120003,110.35142828571429,3.5604609621976384
2015-09-03,112.489998,112.779999,110.040001,110.370003,53233900,119.46620028,121.53364985,-1.9699930000000023,112.339996,103.739998,111.29857185714286,2.084508797569256
2015-09-04,108.970001,110.449997,108.510002,109.269997,49996300,119.10160022,121.50264983,-1.1000059999999934,110.370003,109.690002,111.23857114285715,2.1437303907201004
2015-09-08,111.75,112.559998,110.32,112.309998,54843600,118.81280018,121.49084983,3.0400009999999895,109.269997,112.919998,111.15142828571427,2.0752944377449274
2015-09-09,113.760002,114.019997,109.769997,110.150002,85010800,118.52520023999999,121.46004984999999,-2.1599959999999925,112.309998,113.290001,110.702857,1.8646684237360904
2015-09-10,110.269997,113.279999,109.900002,112.57,62892800,118.26800024,121.44054984499999,2.4199979999999925,110.150002,112.760002,110.67571385714287,1.8308081167827426
2015-09-11,111.790001,114.209999,111.760002,114.209999,49915500,118.02020026,121.418449855,1.639999000000003,112.57,107.720001,111.60285642857141,1.7247671198222911
2015-09-14,116.580002,116.889999,114.860001,115.309998,58363400,117.79760018,121.40699985500001,1.0999989999999968,114.209999,112.339996,112.02714242857144,2.228165288602429
2015-09-15,115.93,116.529999,114.419998,116.279999,43341200,117.60320016000001,121.39339985000001,0.9700010000000105,115.309998,110.370003,112.87142757142855,2.586480215604098
2015-09-16,116.25,116.540001,115.440002,116.410004,37173500,117.4176002,121.38079987,0.13000499999999704,116.279999,109.269997,113.89142857142856,2.3240656235098927
2015-09-17,115.660004,116.489998,113.720001,113.919998,64112600,117.24460016,121.37504986,-2.490005999999994,116.410004,112.309998,114.12142857142858,2.2187563969591357
2015-09-18,112.209999,114.300003,111.870003,113.449997,74285300,117.1122001,121.36914986,-0.47000100000001055,113.919998,110.150002,114.59285642857142,1.4525931677355817
2015-09-21,113.669998,115.370003,113.660004,115.209999,50222000,116.95080010000001,121.36554985500001,1.760002,113.449997,112.57,114.96999914285713,1.1513341463998543
2015-09-22,113.379997,114.18,112.519997,113.400002,50346200,116.70560006,121.355099875,-1.8099969999999956,115.209999,114.209999,114.85428528571428,1.2745577556084713
2015-09-23,113.629997,114.720001,113.300003,114.32,35756700,116.47980004000001,121.351699875,0.9199979999999925,113.400002,115.309998,114.712857,1.2704827037297517
2015-09-24,113.25,115.5,112.370003,115.0,50219500,116.24340004000001,121.364699865,0.6800000000000068,114.32,116.279999,114.53,1.0860646144068864
2015-09-25,116.440002,116.690002,114.019997,114.709999,56151900,115.96740012000001,121.36764984500002,-0.29000100000000373,115.0,116.410004,114.28714214285715,0.7259870417293249
2015-09-28,113.849998,114.57,112.440002,112.440002,52109000,115.62380026000001,121.37009987000002,-2.2699969999999894,114.709999,113.919998,114.07571414285714,1.0104918274438786
2015-09-29,112.830002,113.510002,107.860001,109.059998,73365400,115.16360008,121.35729984500001,-3.3800040000000138,112.440002,113.449997,113.44857142857143,2.165613577190298
2015-09-30,110.169998,111.540001,108.730003,110.300003,66473000,114.75460014000001,121.36014984500001,1.2400050000000107,109.059998,115.209999,112.74714342857143,2.2915111600566584
2015-10-01,109.07,109.620003,107.309998,109.580002,63929100,114.44180016,121.36689984,-0.7200010000000105,110.300003,113.400002,112.20142914285714,2.5503618149471157
2015-10-02,108.010002,111.010002,107.550003,110.379997,58019800,114.14620002,121.38504982500001,0.7999950000000098,109.580002,114.32,111.63857157142856,2.4371323441406343
2015-10-05,109.879997,111.370003,109.07,110.779999,52064700,113.87180000000001,121.39189979999999,0.40000200000000063,110.379997,115.0,111.03571428571429,1.9378498311516876
2015-10-06,110.629997,111.739998,109.769997,111.309998,48196800,113.64260002,121.38519978000001,0.5299989999999895,110.779999,114.709999,110.54999985714286,1.1146752636230548
2015-10-07,111.739998,111.769997,109.410004,110.779999,46765600,113.39060006000001,121.38019978,-0.5299989999999895,111.309998,112.440002,110.31285657142857,0.7683465580922654
2015-10-08,110.190002,110.190002,108.209999,109.5,61979600,113.12080010000001,121.36299977,-1.2799990000000037,110.779999,109.059998,110.375714,0.6589843715167174
2015-10-09,110.0,112.279999,109.489998,112.120003,52766100,112.91580010000001,121.36089978000001,2.620002999999997,109.5,110.300003,110.635714,0.9281858983540539
2015-10-12,112.730003,112.75,111.440002,111.599998,30467200,112.7218,121.35884976,-0.5200049999999976,112.120003,109.580002,110.92428485714287,0.8565024031866478
2015-10-13,110.82,112.449997,110.68,111.790001,33049300,112.58879998,121.34784977500001,0.19000300000000436,111.599998,110.379997,111.125714,0.8728093979990073
2015-10-14,111.290001,111.519997,109.559998,110.209999,44462400,112.50019997999999,121.32934975,-1.5800020000000075,111.790001,110.779999,111.04428542857143,0.9348242513700987
2015-10-15,110.93,112.099998,110.489998,111.860001,37673500,112.42939996000001,121.32604977000001,1.6500020000000006,110.209999,111.309998,111.12285728571429,0.9827641503610942
2015-10-16,111.779999,112.0,110.529999,111.040001,39232600,112.34760004000002,121.32934979000001,-0.8199999999999932,111.860001,110.779999,111.16000042857142,0.9725060685312032
2015-10-19,110.800003,111.75,110.110001,111.730003,29759200,112.27180016,121.34134979499999,0.6900019999999927,111.040001,109.5,111.47857228571429,0.6498068471238324
2015-10-20,111.339996,114.169998,110.82,113.769997,48967800,112.15280008000002,121.37894978,2.039994000000007,111.730003,112.120003,111.71428571428571,1.0788699140429547
2015-10-21,114.0,115.580002,113.699997,113.760002,41795200,112.15820016000002,121.41644978000001,-0.009995000000003529,113.769997,111.599998,112.0228577142857,1.3221912641693578
2015-10-22,114.330002,115.5,114.099998,115.5,41654100,112.16340020000001,121.45519978,1.739998,113.760002,111.790001,112.55285757142858,1.851086875324393
2015-10-23,116.699997,119.230003,116.330002,119.080002,59366900,112.2420002,121.491149795,3.5800019999999932,115.5,110.209999,113.82000085714286,2.7819117850856214
2015-10-26,118.080002,118.129997,114.919998,115.279999,66333800,112.22840020000001,121.50749978000002,-3.8000029999999896,119.080002,111.860001,114.308572,2.6787211465457177
2015-10-27,115.400002,116.540001,113.989998,114.550003,69884400,112.17620018,121.533999795,-0.7299959999999999,115.279999,111.040001,114.81000085714287,2.260825739267204
2015-10-28,116.93,119.300003,116.059998,119.269997,85551400,112.23160012,121.57924977500001,4.719994,114.550003,111.730003,115.88714285714286,2.3434850371881213
2015-10-29,118.699997,120.690002,118.269997,120.529999,51227300,112.34200006,121.632899755,1.260002,119.269997,113.769997,116.85285742857143,2.6924928618200465
2015-10-30,120.989998,121.220001,119.449997,119.5,49365300,112.47900002,121.696299755,-1.0299990000000037,120.529999,113.760002,117.67285714285715,2.4573671288982317
2015-11-02,120.800003,121.360001,119.610001,121.18,32203300,112.78739997999999,121.772249765,1.6800000000000068,119.5,115.5,118.48428571428573,2.5560955840424073
2015-11-03,120.790001,123.489998,120.699997,122.57,45519000,113.17639992000001,121.84149976,1.3899999999999864,121.18,119.080002,118.98285685714286,2.994437032469888
2015-11-04,123.129997,123.82,121.620003,122.0,44886100,113.54159996,121.903749745,-0.5699999999999932,122.57,115.279999,119.942857,2.6689796228411735
2015-11-05,121.849998,122.690002,120.18,120.919998,39552700,113.76619988,121.946349725,-1.0800019999999932,122.0,114.550003,120.8528562857143,1.2121573558062246
2015-11-06,121.110001,121.809998,120.620003,121.059998,33042300,113.92899987999999,121.98674969999998,0.13999999999998636,120.919998,119.269997,121.10857071428572,0.9912692049404066
2015-11-09,120.959999,121.809998,120.050003,120.57,33871400,114.07459985999999,122.02409971000002,-0.48999799999999993,121.059998,120.529999,121.11428514285714,0.9874860693394244
2015-11-10,116.900002,118.07,116.059998,116.769997,59127900,114.15479975999999,122.06224970000001,-3.8000029999999896,120.57,119.5,120.72428471428573,1.873187703201623
2015-11-11,116.370003,117.419998,115.209999,116.110001,45218000,114.32259975999999,122.066249715,-0.6599960000000067,116.769997,121.18,119.99999914285713,2.5319558869243477
2015-11-12,116.260002,116.82,115.650002,115.720001,32525600,114.39019986000001,122.05034970999999,-0.39000000000000057,116.110001,122.57,119.02142785714285,2.69181076132028
2015-11-13,115.199997,115.57,112.269997,112.339996,45812400,114.42959972,122.02624967,-3.380004999999997,115.720001,122.0,117.64142728571429,3.31446073190378
2015-11-16,111.379997,114.239998,111.0,114.18,38106700,114.52779978000001,122.003999685,1.8400040000000075,112.339996,120.919998,116.67857042857143,3.179536111192898
2015-11-17,114.919998,115.050003,113.32,113.690002,27616900,114.55539986,121.97919968499998,-0.48999799999999993,114.18,121.059998,115.62571385714286,2.6655763686569416
2015-11-18,115.760002,117.489998,115.5,117.290001,46674700,114.69819984,121.9678497,3.599998999999997,113.690002,120.57,115.15714257142858,1.7990162657089586
2015-11-19,117.639999,119.75,116.760002,118.779999,43295800,114.82239982000002,121.962049685,1.489998,117.290001,116.769997,115.44428571428573,2.2122909750061712
2015-11-20,119.199997,119.919998,118.849998,119.300003,34287100,114.92419989999999,121.9638997,0.5200040000000001,118.779999,116.110001,115.9000002857143,2.6562830139124585
2015-11-23,119.269997,119.730003,117.339996,117.75,32482500,114.97299994000001,121.954049695,-1.5500030000000038,119.300003,115.720001,116.19000014285714,2.742761275308727
2015-11-24,117.330002,119.349998,117.120003,118.879997,42803200,115.0249999,121.938349695,1.129997000000003,117.75,112.339996,117.124286,2.289095790606027
2015-11-25,119.209999,119.230003,117.919998,118.029999,21388300,115.0573998,121.90409970500001,-0.8499979999999994,118.879997,114.18,117.67428585714286,1.8918136941391757
2015-11-27,118.290001,118.410004,117.599998,117.809998,13046400,115.1351998,121.8608497,-0.22000100000001055,118.029999,113.690002,118.26285671428572,0.729468376545618
2015-11-30,117.989998,119.410004,117.75,118.300003,39180300,115.23219992,121.81694970500001,0.4900050000000107,117.809998,117.290001,118.40714271428571,0.5918821858321731
2015-12-01,118.75,118.809998,116.860001,117.339996,34852400,115.27479985999999,121.76449967500001,-0.9600070000000045,118.300003,118.779999,118.20142799999999,0.6838003638649524
2015-12-02,117.339996,118.110001,116.080002,116.279999,33386600,115.3323998,121.702299665,-1.0599969999999956,117.339996,119.300003,117.76999885714285,0.8152302599062791
2015-12-03,116.550003,116.790001,114.220001,115.199997,41569500,115.34999973999999,121.63604966499999,-1.0800020000000075,116.279999,117.75,117.40571271428573,1.2690666579739593
2015-12-04,115.290001,119.25,115.110001,119.029999,57777000,115.43059971999999,121.58369966000001,3.8300020000000075,115.199997,118.879997,117.42714157142858,1.2990226137185796
2015-12-07,118.980003,119.860001,117.809998,118.279999,32084200,115.50199972,121.51009965499999,-0.75,119.029999,118.029999,117.46285585714286,1.321599955140908
2015-12-08,117.519997,118.599998,116.860001,118.230003,34309500,115.61779974,121.44039967999998,-0.04999600000000726,118.279999,117.809998,117.52285657142856,1.3492321964740823
2015-12-09,117.639999,117.690002,115.080002,115.620003,46361400,115.74899984,121.37454973,-2.6099999999999994,118.230003,118.300003,117.13999942857143,1.4670493697675957
2015-12-10,116.040001,116.940002,115.510002,116.169998,29212700,115.86639973999999,121.30329972999999,0.5499950000000098,115.620003,117.339996,116.97285685714284,1.5065828215188297
2015-12-11,115.190002,115.389999,112.849998,113.18,46886200,115.93839969999999,121.22689969500001,-2.989998,116.169998,116.279999,116.52999985714287,2.087726261590225
2015-12-14,112.18,112.68,109.790001,112.480003,64318700,115.98039982,121.14384973,-0.6999970000000104,113.18,115.199997,116.14142928571428,2.573203677001263
2015-12-15,111.940002,112.800003,110.349998,110.489998,53323100,115.9745998,121.049499715,-1.9900049999999965,112.480003,119.029999,114.92142914285715,2.969407941067723
2015-12-16,111.07,111.989998,108.800003,111.339996,56238500,115.97519976,120.96349973000001,0.8499979999999994,110.489998,118.279999,113.93000014285714,2.815743026864448
2015-12-17,112.019997,112.25,108.980003,108.980003,44772800,115.93919984,120.876349725,-2.359993000000003,111.339996,118.230003,112.60857157142857,2.6255058438694276
2015-12-18,108.910004,109.519997,105.809998,106.029999,96453300,115.86979981999998,120.77349973,-2.9500039999999927,108.980003,115.620003,111.238571,3.2256852627443062
2015-12-21,107.279999,107.370003,105.57,107.330002,47590600,115.77399979999998,120.674449745,1.3000029999999896,106.029999,116.169998,109.97571442857144,2.652815008537854
2015-12-22,107.400002,107.720001,106.449997,107.230003,32789400,115.6865999,120.58804975,-0.09999899999999684,107.330002,113.18,109.12571485714285,2.3957794536386157
2015-12-23,107.269997,108.849998,107.199997,108.610001,32657400,115.6229999,120.519899765,1.3799980000000005,107.230003,112.480003,108.57285742857142,1.884750541659362
2015-12-24,109.0,109.0,107.949997,108.029999,13570400,115.57939989999998,120.437799775,-0.5800019999999932,108.610001,110.489998,108.22142899999999,1.686636759239483
2015-12-28,107.589996,107.690002,106.18,106.82,26704200,115.47859988,120.35394979499999,-1.2099990000000105,108.029999,111.339996,107.57571528571428,1.0318576329886404
2015-12-29,106.959999,109.43,106.860001,108.739998,30931200,115.43259982,120.27289979999999,1.9199980000000068,106.82,108.980003,107.54142885714285,0.9801090405785563
2015-12-30,108.580002,108.699997,107.18,107.32,25213800,115.34439976,120.17429979500001,-1.4199980000000068,108.739998,106.029999,107.72571471428571,0.7405587951288103
2015-12-31,107.010002,107.029999,104.82,105.260002,40912300,115.17419985999999,120.0582498,-2.059997999999993,107.32,107.330002,107.43000042857143,1.1973293921591754
2016-01-04,102.610001,105.370003,102.0,105.349998,67649400,115.00599977999998,119.94749979,0.0899959999999993,105.260002,107.230003,107.16142828571428,1.4366094458808696
2016-01-05,105.75,105.849998,102.410004,102.709999,55791000,114.75019976,119.831549775,-2.639999000000003,105.349998,108.610001,106.31857085714284,2.04642287348839
2016-01-06,100.559998,102.370003,99.870003,100.699997,68457400,114.38259966,119.698999765,-2.010002,102.709999,108.029999,105.27142771428571,2.7716091604996564
2016-01-07,98.68,100.129997,96.43,96.449997,81094400,114.00599961999998,119.54779973999999,-4.25,100.699997,106.82,103.78999871428572,4.2061075548929505
2016-01-08,98.550003,99.110001,96.760002,96.959999,70798000,113.65419954000001,119.41569975,0.5100020000000001,96.449997,108.739998,102.10714171428572,4.251870058601484
2016-01-11,98.970001,99.059998,97.339996,98.529999,49739400,113.23939958,119.28714975499999,1.5700000000000074,96.959999,107.32,100.85142728571428,3.7205447938879157
2016-01-12,100.550003,100.690002,98.839996,99.959999,49154200,112.82799958,119.17069975,1.4299999999999926,98.529999,105.260002,100.094284,3.172826633339591
2016-01-13,100.32,101.190002,97.300003,97.389999,62439600,112.38579956,119.02579973,-2.569999999999993,99.959999,105.349998,98.95714128571429,2.27449429962757
2016-01-14,97.959999,100.480003,95.739998,99.519997,63170100,111.95259949999999,118.90124971499999,2.1299980000000005,97.389999,102.709999,98.50142671428571,1.6237344328929528
2016-01-15,96.199997,97.709999,95.360001,97.129997,79833900,111.44379943999998,118.7656497,-2.3900000000000006,99.519997,100.699997,97.99142671428571,1.3568031797434972
2016-01-19,98.410004,98.650002,95.5,96.660004,53087700,110.93699951999999,118.62234972,-0.4699930000000023,97.129997,96.449997,98.02142771428571,1.3188296371782584
2016-01-20,95.099998,98.190002,93.419998,96.790001,72334400,110.45439958000001,118.469549735,0.12999700000000303,96.660004,96.959999,97.99714228571429,1.3429769192766232
2016-01-21,97.059998,97.879997,94.940002,96.300003,52161500,109.95919968,118.32099973999999,-0.48999799999999993,96.790001,98.529999,97.67857142857143,1.4553038499610171
2016-01-22,98.629997,101.459999,98.370003,101.419998,65800500,109.57619964,118.20009974,5.119995000000003,96.300003,99.959999,97.88714271428572,1.8795523816152906
2016-01-25,101.519997,101.529999,99.209999,99.440002,51794500,109.22959974000001,118.06449976,-1.9799959999999999,101.419998,97.389999,98.18000028571429,1.947655176530176
2016-01-26,99.93,100.879997,98.07,99.989998,75077000,108.90719968000002,117.92894976,0.549995999999993,99.440002,99.519997,98.24714328571429,2.0086939112380477
2016-01-27,96.040001,96.629997,93.339996,93.419998,133369700,108.46119961999999,117.76179975999999,-6.569999999999993,99.989998,97.129997,97.71714342857142,2.7171101137046403
2016-01-28,93.790001,94.519997,92.389999,94.089996,55678800,108.09619962000001,117.600749725,0.6699979999999925,93.419998,96.660004,97.34999942857144,3.038399137154732
2016-01-29,94.790001,97.339996,94.349998,97.339996,64416500,107.75939953999999,117.45354970999999,3.25,94.089996,96.790001,97.42857014285714,3.028599902830596
2016-02-01,96.470001,96.709999,95.400002,96.43,40943500,107.41419950000001,117.30484972,-0.9099959999999925,97.339996,96.300003,97.44714114285715,3.020915109381455
2016-02-02,95.419998,96.040001,94.279999,94.480003,37357200,106.95799954,117.15349973500001,-1.9499970000000104,96.43,101.419998,96.45571328571428,2.6107272731479823
2016-02-03,95.0,96.839996,94.080002,96.349998,45964300,106.50939951999999,116.99724973499998,1.869995000000003,94.480003,99.440002,96.01428414285715,2.2596666473481926
2016-02-04,95.860001,97.330002,95.190002,96.599998,46471700,106.05539942000001,116.845699705,0.25,96.349998,99.989998,95.52999842857143,1.5017540644176208
2016-02-05,96.519997,96.919998,93.690002,94.019997,46418100,105.58079935999999,116.672699715,-2.5800009999999958,96.599998,93.419998,95.61571257142859,1.3728416833758361
2016-02-08,93.129997,95.699997,93.040001,95.010002,54021400,105.10339945999998,116.49939973499998,0.9900049999999965,94.019997,94.089996,95.74714200000001,1.2400486618698787
2016-02-09,94.290001,95.940002,93.93,94.989998,44331200,104.64259944,116.32294973,-0.020004000000000133,95.010002,97.339996,95.411428,1.0387075338835972
2016-02-10,95.919998,96.349998,94.099998,94.269997,42343600,104.17179942000001,116.131049745,-0.7200009999999963,94.989998,96.43,95.10285614285715,1.0060102482174917
2016-02-11,93.790001,94.720001,92.589996,93.699997,50074700,103.6797993,115.94674974,-0.5700000000000074,94.269997,94.480003,94.99142671428571,1.1229048513698854
2016-02-12,94.190002,94.5,93.010002,93.989998,40351400,103.21279934,115.773499735,0.29000100000000373,93.699997,96.349998,94.65428385714286,0.9938962236195434
2016-02-16,95.019997,96.849998,94.610001,96.639999,49057900,102.81999934,115.63094971999999,2.650001000000003,93.989998,96.599998,94.65999828571428,1.0069765588095643
2016-02-17,96.669998,98.209999,96.150002,98.120003,44863200,102.47839946,115.47679975,1.4800039999999939,96.639999,94.019997,95.24571342857142,1.5939785714322279
2016-02-18,98.839996,98.889999,96.089996,96.260002,39021000,102.02299952,115.314599775,-1.860000999999997,98.120003,95.010002,95.42428485714287,1.6327182477884408
2016-02-19,96.0,96.760002,95.800003,96.040001,35374200,101.57819955999999,115.16579976499999,-0.22000099999999634,96.260002,94.989998,95.57428528571428,1.6344017077743824
2016-02-22,96.309998,96.900002,95.919998,96.879997,34280800,101.15119944,115.02514974,0.8399959999999993,96.040001,94.269997,95.94714242857142,1.5842017790236236
2016-02-23,96.400002,96.5,94.550003,94.690002,31942600,100.73259942,114.87229974000002,-2.189994999999996,96.879997,93.699997,96.08857171428573,1.3813577523560852
2016-02-24,93.980003,96.379997,93.32,96.099998,36255700,100.33119941999999,114.71469971500001,1.4099959999999925,94.690002,93.989998,96.3900002857143,1.0335214946939044
2016-02-25,96.050003,96.760002,95.25,96.760002,27582700,100.00279946,114.56689972499998,0.6600040000000007,96.099998,96.639999,96.40714357142858,1.039338310792035
2016-02-26,97.199997,98.019997,96.580002,96.910004,28991100,99.69139948,114.42209972999999,0.15000200000000063,96.760002,98.120003,96.23428657142858,0.7736460363234586
2016-02-29,96.860001,98.230003,96.650002,96.690002,35216300,99.41539956000001,114.27549972999999,-0.2200019999999938,96.910004,96.260002,96.29571514285715,0.7928608663116996
2016-03-01,97.650002,100.769997,97.419998,100.529999,50407100,99.19919962,114.13339974,3.8399969999999968,96.690002,96.040001,96.93714342857143,1.7680275478611325
2016-03-02,100.510002,100.889999,99.639999,100.75,33169600,99.03459955999999,113.99329972000001,0.22000099999999634,100.529999,96.879997,97.490001,2.278544035122802
2016-03-03,100.580002,101.709999,100.449997,101.5,36955700,98.94399958,113.84984971,0.75,100.75,94.690002,98.46285785714288,2.3368612085635534
2016-03-04,102.370003,103.75,101.370003,103.010002,46055100,98.85759958,113.71454968500001,1.510002,101.5,96.099998,99.4500012857143,2.615268308732296
2016-03-07,102.389999,102.830002,100.959999,101.870003,35828900,98.75039957999999,113.57359971,-1.139999000000003,103.010002,96.760002,100.18000142857144,2.4470315568037524
2016-03-08,100.779999,101.760002,100.400002,101.029999,31561900,98.59879954,113.42179971,-0.8400039999999933,101.870003,96.910004,100.76857214285714,1.980424404369279
2016-03-09,101.309998,101.580002,100.269997,101.120003,27201700,98.46059962000001,113.26469976,0.09000399999999331,101.029999,96.690002,101.40142942857143,0.8384207135148449
2016-03-10,101.410004,102.239998,100.150002,101.169998,33513600,98.34759958000001,113.122449775,0.04999500000000978,101.120003,100.529999,101.49285785714285,0.7586557375316065
2016-03-11,102.239998,102.279999,101.5,102.260002,27408200,98.21799966,112.97354981999999,1.0900039999999933,101.169998,100.75,101.70857242857142,0.7262109512454543
2016-03-14,101.910004,102.910004,101.779999,102.519997,25076100,98.1219996,112.82724981,0.25999500000000353,102.260002,101.5,101.85428628571428,0.7778789274116855
2016-03-15,103.959999,105.18,103.849998,104.580002,40067700,98.10839960000001,112.69874982500001,2.0600049999999896,102.519997,103.010002,102.078572,1.2498194886793206
2016-03-16,104.610001,106.309998,104.589996,105.970001,38303500,98.12079966000002,112.575899865,1.389999000000003,104.580002,101.870003,102.66428599999999,1.917923570401278
2016-03-17,105.519997,106.470001,104.959999,105.800003,34420700,98.18259974,112.455099845,-0.16999799999999254,105.970001,101.029999,103.34571514285714,2.0809449896613743
2016-03-18,106.339996,106.5,105.190002,105.919998,44205200,98.28699976,112.33409986000001,0.11999500000000296,105.800003,101.120003,104.03142871428572,2.015097527474799
2016-03-21,105.93,107.650002,105.139999,105.910004,35502700,98.47619990000001,112.21684987500001,-0.009994000000006054,105.919998,101.169998,104.70857242857143,1.6580763137982926
2016-03-22,105.25,107.290001,105.209999,106.720001,32444400,98.67139993999999,112.10719991,0.8099969999999956,105.910004,102.260002,105.34571514285713,1.3966623464524028
2016-03-23,106.480003,107.07,105.900002,106.129997,25703500,98.8233999,111.99884988,-0.5900039999999933,106.720001,102.519997,105.86142942857143,0.6419606292615352
2016-03-24,105.470001,106.25,104.889999,105.669998,26133000,98.93759988,111.89009988,-0.45999899999999627,106.129997,104.580002,106.01714314285714,0.3409650785062249
2016-03-28,106.0,106.190002,105.059998,105.190002,19411400,99.09359994,111.771649865,-0.47999599999999987,105.669998,105.970001,105.90571471428572,0.464142423235396
2016-03-29,104.889999,107.790001,104.879997,107.68,31190100,99.2568,111.66709988500001,2.489998,105.190002,105.800003,106.17428571428572,0.8087613748359582
2016-03-30,108.650002,110.419998,108.599998,109.559998,45601100,99.50540002000001,111.579049885,1.8799979999999863,107.68,105.919998,106.69428571428571,1.496114701961934
2016-03-31,109.720001,109.900002,108.879997,108.989998,25888400,99.75199990000002,111.489399885,-0.5699999999999932,109.559998,105.910004,107.13428485714287,1.6698381947548004
2016-04-01,108.779999,110.0,108.199997,109.989998,25874000,100.01599984,111.401349885,1.0,108.989998,106.720001,107.6014272857143,1.965793719254766
2016-04-04,110.419998,112.190002,110.269997,111.120003,37356200,100.31239984000001,111.320449885,1.130004999999997,109.989998,106.129997,108.31428528571429,2.2302530482087177
2016-04-05,109.510002,110.730003,109.419998,109.809998,26578700,100.48019984000001,111.23009989,-1.3100050000000039,111.120003,105.669998,108.90571385714286,1.9425309496821304
2016-04-06,110.230003,110.980003,109.199997,110.959999,26404100,100.71059978,111.15189989499999,1.1500010000000032,109.809998,105.190002,109.72999914285715,1.176010782261695
2016-04-07,109.949997,110.419998,108.120003,108.540001,31801900,100.88159983999999,111.056549895,-2.4199979999999925,110.959999,107.68,109.85285642857143,0.9492057965909845
2016-04-08,108.910004,109.769997,108.169998,108.660004,23581700,101.18639996000002,110.96469992,0.12000299999999697,108.540001,109.559998,109.72428585714285,1.0509811273275849
2016-04-11,108.970001,110.610001,108.830002,109.019997,29407500,101.48499998,110.8692499,0.3599930000000029,108.660004,108.989998,109.72857142857141,1.0475434401719284
2016-04-12,109.339996,110.5,108.660004,110.440002,27232300,101.74700010000001,110.78394990999999,1.4200050000000033,109.019997,109.989998,109.7928577142857,1.0795789359962835
2016-04-13,110.800003,112.339996,110.800003,112.040001,33257300,102.05920012,110.710399915,1.5999989999999968,110.440002,111.120003,109.92428600000001,1.301305027745732
2016-04-14,111.620003,112.389999,111.330002,112.099998,25473900,102.41160002000001,110.64824990999999,0.05999699999999564,112.040001,109.809998,110.25142885714286,1.5347026024912793
2016-04-15,112.110001,112.300003,109.730003,109.849998,46939000,102.68160002,110.5703499,-2.25,112.099998,110.959999,110.09285728571429,1.5063716314056042
2016-04-18,108.889999,108.949997,106.940002,107.480003,60821500,102.89920012,110.474749925,-2.369995000000003,109.849998,108.540001,109.941429,1.7257879430236096
2016-04-19,107.879997,108.0,106.230003,106.910004,32384900,103.15700026,110.37709993499999,-0.5699989999999957,107.480003,108.660004,109.691429,2.0404269016439414
2016-04-20,106.639999,108.089996,106.059998,107.129997,30611000,103.39940016,110.28274991999999,0.21999300000000233,106.910004,109.019997,109.42142899999999,2.2575748273207377
2016-04-21,106.93,106.93,105.519997,105.970001,31552500,103.61900022000002,110.18414991499999,-1.1599960000000067,107.129997,110.440002,108.78285742857143,2.5364119449105926
2016-04-22,105.010002,106.480003,104.620003,105.68,33683100,103.84720028,110.099699915,-0.2900009999999895,105.970001,112.040001,107.87428585714285,2.3036397721864423
2016-04-25,105.0,105.650002,104.510002,105.080002,28031600,104.07480038000001,110.024749925,-0.5999980000000136,105.68,112.099998,106.87142928571429,1.5680065497307487
2016-04-26,103.910004,105.300003,103.910004,104.349998,56016200,104.28200038000001,109.93009992000002,-0.7300039999999939,105.080002,109.849998,106.08571500000001,1.1486356262554358
2016-04-27,96.0,98.709999,95.68,97.82,114602100,104.3056004,109.7908999,-6.529998000000006,104.349998,107.480003,104.70571457142856,3.187563854672785
2016-04-28,97.610001,97.879997,94.25,94.830002,82242700,104.23980038000002,109.636999905,-2.989998,97.82,106.910004,102.98,4.704387161646246
2016-04-29,93.989998,94.720001,92.510002,93.739998,68531500,104.18940030000002,109.471599895,-1.0900039999999933,94.830002,107.129997,101.067143,5.405700077122651
2016-05-02,93.970001,94.080002,92.400002,93.639999,48160100,104.14140026000001,109.297249915,-0.09999899999999684,93.739998,105.970001,99.30571414285714,5.548807530151035
2016-05-03,94.199997,95.739998,93.68,95.18,56831300,104.10740032,109.12504994,1.5400010000000037,93.639999,105.68,97.80571414285714,4.922323080280357
2016-05-04,95.199997,95.900002,93.82,94.190002,41025500,104.09740031999999,108.935649915,-0.9899979999999999,95.18,105.080002,96.24999985714285,3.842567911782513
2016-05-05,94.0,94.07,92.68,93.239998,35890500,104.04020032,108.748099905,-0.950004000000007,94.190002,104.349998,94.662857,1.5496748617489862
2016-05-06,93.370003,93.449997,91.849998,92.720001,43699900,103.9594003,108.585599905,-0.5199970000000036,93.239998,97.82,93.93428571428572,0.8660617518914466
2016-05-09,93.0,93.769997,92.589996,92.790001,32936400,103.87700024,108.42374989,0.07000000000000739,92.720001,94.830002,93.642857,0.8576074007394223
2016-05-10,93.330002,93.57,92.110001,93.419998,33686800,103.81160016,108.26834988,0.629997000000003,92.790001,93.739998,93.59714271428571,0.8600914594186655
2016-05-11,93.480003,93.57,92.459999,92.510002,28719100,103.65120022,108.117049905,-0.9099960000000067,93.419998,93.639999,93.43571457142858,0.9518551067676403
2016-05-12,92.720001,92.779999,89.470001,90.339996,76314700,103.44300014000001,107.95184990000001,-2.1700060000000008,92.510002,95.18,92.74428542857143,1.1993464099037117
2016-05-13,90.0,91.669998,90.0,90.519997,44392800,103.22340008,107.789499895,0.1800010000000043,90.339996,94.190002,92.219999,1.2625252248290324
2016-05-16,92.389999,94.389999,91.650002,93.879997,61259800,103.04079998000002,107.64704986500001,3.3599999999999994,90.519997,93.239998,92.31142742857142,1.3675099607878147
2016-05-17,94.550003,94.699997,93.010002,93.489998,46916900,102.87319988000002,107.50799984000001,-0.3899990000000031,93.879997,92.720001,92.421427,1.4351479508915714
2016-05-18,94.160004,95.209999,93.889999,94.559998,42062400,102.74379986,107.38859982,1.0699999999999932,93.489998,92.790001,92.67428371428572,1.6506554934600541
2016-05-19,94.639999,94.639999,93.57,94.199997,30442100,102.60539974,107.28639980999998,-0.3600009999999969,94.559998,93.419998,92.78571214285714,1.7336271475324296
2016-05-20,94.639999,95.43,94.519997,95.220001,32026000,102.4863998,107.185499805,1.0200040000000001,94.199997,92.510002,93.17285485714285,1.9507848125191676
2016-05-23,95.870003,97.190002,95.669998,96.43,38018600,102.36979975999999,107.09199982,1.2099990000000105,95.220001,90.339996,94.04285542857143,1.8311638614860877
2016-05-24,97.220001,98.089996,96.839996,97.900002,35140200,102.27739986,107.00389984499999,1.4700019999999938,96.43,90.519997,95.09714185714287,1.5708477316995326
2016-05-25,98.669998,99.739998,98.110001,99.620003,38168800,102.17819988,106.90339985499999,1.7200009999999963,97.900002,93.879997,95.91714271428573,2.201264676324584
2016-05-26,99.68,100.730003,98.639999,100.410004,56331200,102.06699994,106.837999885,0.7900010000000037,99.620003,93.489998,96.905715,2.4673616803992355
2016-05-27,99.440002,100.470001,99.25,100.349998,36341200,101.95799984,106.76354988500002,-0.060006000000001336,100.410004,94.559998,97.73285785714286,2.519880353262775
2016-05-31,99.599998,100.400002,98.82,99.860001,42307200,101.8367999,106.68709987999999,-0.48999700000000246,100.349998,94.199997,98.54142985714286,2.064214674258413
2016-06-01,99.019997,99.540001,98.330002,98.459999,29173300,101.6877998,106.59959988,-1.4000020000000006,99.860001,95.220001,99.00428671428571,1.4742783188477515
2016-06-02,97.599998,97.839996,96.629997,97.720001,40191600,101.50779980000002,106.50239986499999,-0.7399979999999999,98.459999,96.43,99.18857257142858,1.1420513807120451
2016-06-03,97.790001,98.269997,97.449997,97.919998,28504900,101.34359982,106.40949985499999,0.19999700000001042,97.720001,97.900002,99.19142914285713,1.1383100297399102
2016-06-06,97.989998,101.889999,97.550003,98.629997,23292500,101.2027998,106.32759983,0.7099989999999963,97.919998,99.620003,99.0499997142857,1.1376886554167136
2016-06-07,99.25,99.870003,98.959999,99.029999,22409500,101.07959973999999,106.259499815,0.40000200000000063,98.629997,100.410004,98.85285614285715,0.9699434792042141
2016-06-08,99.019997,99.559998,98.68,98.940002,20848100,100.90479978000002,106.225399815,-0.08999699999999677,99.029999,100.349998,98.65142814285714,0.7219060537706833
2016-06-09,98.5,99.989998,98.459999,99.650002,26601400,100.70659985999998,106.20804980999999,0.7099999999999937,98.940002,99.860001,98.62142828571427,0.6654687019901999
2016-06-10,98.529999,99.349998,98.480003,98.830002,31712900,100.50339994,106.18349983,-0.8200000000000074,99.650002,98.459999,98.67428585714286,0.6652039386502179
2016-06-13,98.690002,99.120003,97.099998,97.339996,38020500,100.25039989999999,106.12174980000002,-1.490005999999994,98.830002,97.720001,98.61999942857143,0.7642009334360735
2016-06-14,97.32,98.480003,96.75,97.459999,31931900,99.97719981999998,106.044449805,0.12000299999999697,97.339996,97.919998,98.55428528571429,0.8494497193547411
2016-06-15,97.82,98.410004,97.029999,97.139999,29445200,99.72379984,105.963699795,-0.3199999999999932,97.459999,98.629997,98.34142842857143,1.0005586853621034
2016-06-16,96.449997,97.75,96.07,97.550003,31326800,99.45559992,105.8876498,0.4100040000000007,97.139999,99.029999,98.13000042857142,0.9870847886567391
2016-06-17,96.620003,96.650002,95.300003,95.330002,61008200,99.19139994,105.82569980499999,-2.2200010000000105,97.550003,98.940002,97.61428614285715,1.3643178003946417
2016-06-20,96.0,96.57,95.029999,95.099998,34411900,98.92019982,105.739499815,-0.23000399999999388,95.330002,99.650002,96.96428557142856,1.3158127385212401
2016-06-21,94.940002,96.349998,94.68,95.910004,35546400,98.65799996,105.66719982000001,0.8100060000000013,95.099998,98.830002,96.547143,1.0646388544834267
2016-06-22,96.25,96.889999,95.349998,95.550003,29219100,98.36019998,105.59859985000001,-0.3600009999999969,95.910004,97.339996,96.29142971428571,1.057408991466878
2016-06-23,95.940002,96.290001,95.25,96.099998,32240200,98.04139991999999,105.51754985,0.5499949999999956,95.550003,97.459999,96.09714385714287,0.9233585090246508
2016-06-24,92.910004,94.660004,92.650002,93.400002,75311400,97.6674,105.43379985000001,-2.6999959999999987,96.099998,97.139999,95.56285857142856,1.2452809321582823
2016-06-27,93.0,93.050003,91.5,92.040001,45489600,97.31120006,105.331149855,-1.360000999999997,93.400002,97.550003,94.77571542857143,1.4960486732902827
2016-06-28,92.900002,93.660004,92.139999,93.589996,40444900,97.03339992,105.22804984,1.5499949999999956,92.040001,95.330002,94.52714314285713,1.5327072719304424
2016-06-29,93.970001,94.550003,93.629997,94.400002,36531000,96.78319988000001,105.12349986,0.8100060000000013,93.589996,95.099998,94.42714371428572,1.5117954266050284
2016-06-30,94.440002,95.769997,94.300003,95.599998,35836400,96.5525999,105.02009985500001,1.1999959999999987,94.400002,95.910004,94.38285714285713,1.464930937913154
2016-07-01,95.489998,96.470001,95.330002,95.889999,26026500,96.35099985999999,104.91749983,0.29000100000000373,95.599998,95.550003,94.431428,1.5148635332207232
2016-07-05,95.389999,95.400002,94.459999,94.989998,27705200,96.13719982,104.82284983000001,-0.9000010000000032,95.889999,96.099998,94.27285657142856,1.3614165086395302
2016-07-06,94.599998,95.660004,94.370003,95.529999,30949100,95.94619976,104.73324984000001,0.5400010000000037,94.989998,93.400002,94.57714185714288,1.371807487533193
2016-07-07,95.699997,96.5,95.620003,95.940002,25139600,95.77799983999999,104.636899855,0.4100030000000032,95.529999,92.040001,95.13428485714284,0.8697298891011207
2016-07-08,96.489998,96.889999,96.050003,96.68,28912100,95.75519984,104.553299845,0.7399979999999999,95.940002,93.589996,95.57571400000002,0.7278930657947402
2016-07-11,96.75,97.650002,96.730003,96.980003,23794900,95.79819985999998,104.46659986,0.3000029999999896,96.68,94.400002,95.94428557142858,0.6852960135484336
2016-07-12,97.169998,97.699997,97.120003,97.419998,24167500,95.87179986,104.37869985000002,0.43999500000001035,96.980003,95.599998,96.20428557142858,0.8567163082678353
2016-07-13,97.410004,97.669998,96.839996,96.870003,25892200,95.93639993999999,104.28949987,-0.5499950000000098,97.419998,95.889999,96.34428614285716,0.8766393712005749
2016-07-14,97.389999,98.989998,97.32,98.790001,38919000,96.00859996000001,104.22124986499999,1.9199980000000068,96.870003,94.989998,96.88714371428571,1.0563730331815047
2016-07-15,98.919998,99.300003,98.5,98.779999,30137000,96.1003999,104.16984987,-0.010002000000000066,98.790001,95.529999,97.35142942857144,1.0745289430810387
2016-07-18,98.699997,100.129997,98.599998,99.830002,36493900,96.23219998,104.11749986499998,1.0500029999999896,98.779999,95.940002,97.90714371428571,1.2190939758278887
2016-07-19,99.559998,100.0,99.339996,99.870003,23779900,96.37520002000001,104.06894987,0.04000100000000373,99.830002,96.68,98.36285842857141,1.2786936240872062
2016-07-20,100.0,100.459999,99.739998,99.959999,26276000,96.51859998,104.01684988,0.0899959999999993,99.870003,96.980003,98.78857214285713,1.2369510909588004
2016-07-21,99.830002,101.0,99.129997,99.43,32702000,96.63880002,103.960099885,-0.5299989999999895,99.959999,97.419998,99.07571528571428,1.0909906987487525
2016-07-22,99.260002,99.300003,98.309998,98.660004,28313700,96.76180005999998,103.896849915,-0.7699960000000061,99.43,96.870003,99.33142971428572,0.576119827148232
2016-07-25,98.25,98.839996,96.919998,97.339996,40382900,96.90180006,103.82964989999999,-1.3200080000000014,98.660004,98.790001,99.12428614285714,0.9454970741053979
2016-07-26,96.82,97.970001,96.419998,96.669998,56239800,97.02480007999999,103.76549988999999,-0.6699979999999925,97.339996,98.779999,98.82285742857142,1.3312131100185747
2016-07-27,104.269997,104.349998,102.75,102.949997,92344800,97.20620008,103.71964985999999,6.2799989999999895,96.669998,99.830002,99.268571,2.0518725921182486
2016-07-28,102.830002,104.449997,102.82,104.339996,39869800,97.42320004,103.68334985,1.389999000000003,102.949997,99.870003,99.90714142857144,2.8214745713307505
2016-07-29,104.190002,104.550003,103.68,104.209999,27733700,97.61620006,103.64544984,-0.12999700000000303,104.339996,99.959999,100.51428428571428,3.258213844892169
2016-08-01,104.410004,106.150002,104.410004,106.050003,38167900,97.85320018,103.62464986,1.8400040000000075,104.209999,99.43,101.45999900000001,3.8057767446346813
2016-08-02,106.050003,106.07,104.0,104.480003,33816600,98.03840021999999,103.58774986999998,-1.5700000000000074,106.050003,98.660004,102.29142742857142,3.727044390155708
2016-08-03,104.809998,105.839996,104.769997,105.790001,30202600,98.22560024,103.56149986999999,1.3099980000000073,104.480003,97.339996,103.498571,3.1850728391909495
2016-08-04,105.580002,106.0,105.279999,105.870003,27408700,98.38500026,103.53219987,0.08000199999999325,105.790001,96.669998,104.81285742857142,1.1380518987665964
2016-08-05,106.269997,107.650002,106.18,107.480003,40553400,98.54220025999999,103.50074989999999,1.6099999999999994,105.870003,102.949997,105.46000114285714,1.189034927997972
2016-08-08,107.519997,108.370003,107.160004,108.370003,28037200,98.70140024,103.47379990499999,0.8900000000000006,107.480003,104.339996,106.03571642857142,1.493116819336198
2016-08-09,108.230003,108.940002,108.010002,108.809998,26315200,98.87060024,103.440349895,0.43999499999999614,108.370003,104.209999,106.69285914285715,1.5661484229958968
2016-08-10,108.709999,108.900002,107.760002,108.0,24008500,99.03340022,103.38494988500001,-0.8099979999999931,108.809998,106.050003,106.97143014285713,1.6056704665461572
2016-08-11,108.519997,108.93,107.849998,107.93,27484500,99.22280024,103.34819988999999,-0.06999999999999318,108.0,104.480003,107.46428685714285,1.1888621072250476
2016-08-12,107.779999,108.440002,107.779999,108.18,18660400,99.43200021999999,103.31634987500001,0.25,107.93,105.790001,107.80571528571429,0.9463400752853216
2016-08-15,108.139999,109.540001,108.080002,109.480003,25868200,99.66320032000002,103.267399905,1.3000029999999896,108.18,105.870003,108.32142957142857,0.6542025621906096
2016-08-16,109.629997,110.230003,109.209999,109.379997,33794400,99.87820032000002,103.21164989500001,-0.10000599999999338,109.480003,107.480003,108.59285728571429,0.6409291759378649
2016-08-17,109.099998,109.370003,108.339996,109.220001,25356000,100.08200036,103.1602499,-0.1599960000000067,109.379997,108.370003,108.71428557142858,0.6714626642781002
2016-08-18,109.230003,109.599998,109.019997,109.080002,21984700,100.28480035999999,103.09974990999999,-0.1399990000000031,109.220001,108.809998,108.75285757142858,0.6854859225363027
2016-08-19,108.769997,109.690002,108.360001,109.360001,25368100,100.47900034,103.033699915,0.27999900000000366,109.080002,108.0,108.94714342857144,0.6267569119380532
2016-08-22,108.860001,109.099998,107.849998,108.510002,25820200,100.67260033999999,102.966249925,-0.8499989999999968,109.360001,107.93,109.03000085714287,0.494199649260287
2016-08-23,108.589996,109.32,108.529999,108.849998,21257700,100.90280038,102.905899925,0.3399959999999993,108.510002,108.18,109.12571485714285,0.3442797173902847
2016-08-24,108.57,108.75,107.68,108.029999,23675100,101.11420038,102.84074993,-0.8199989999999957,108.849998,109.480003,108.91857142857144,0.4976420223180467
2016-08-25,107.389999,107.879997,106.68,107.57,25086200,101.32280040000002,102.77574993,-0.4599990000000105,108.029999,109.379997,108.66000042857142,0.66126193750594
2016-08-26,107.410004,107.949997,106.309998,106.940002,27766300,101.51060038,102.726599955,-0.6299979999999863,107.57,109.220001,108.33428628571428,0.8685015960695583
2016-08-29,106.620003,107.440002,106.290001,106.82,24970300,101.74040034000001,102.68014995000001,-0.12000200000001371,106.940002,109.080002,108.01142885714285,0.9603022725975009
2016-08-30,105.800003,106.5,105.5,106.0,24863900,101.95840038,102.631549945,-0.8199999999999932,106.82,109.360001,107.5314287142857,1.01221547371693
2016-08-31,105.660004,106.57,105.639999,106.099998,29662400,102.16220026,102.600349955,0.09999799999999937,106.0,108.510002,107.18714242857142,1.0335326055138965
2016-09-01,106.139999,106.800003,105.620003,106.730003,26701500,102.38580026,102.56309997,0.630004999999997,106.099998,108.849998,106.884286,0.7315476256307798
2016-09-02,107.699997,108.0,106.82,107.730003,26802500,102.61840036000001,102.533299975,1.0,106.730003,108.029999,106.84142942857143,0.6583684046076664
2016-09-06,107.900002,108.300003,107.510002,107.699997,26880400,102.90440026,102.485349955,-0.0300060000000002,107.730003,107.57,106.86000042857142,0.6836912997330354
2016-09-07,107.830002,108.760002,107.07,108.360001,42364300,103.23080026,102.433249965,0.6600040000000007,107.699997,106.940002,107.06285742857142,0.8907064130692393
2016-09-08,107.25,107.269997,105.239998,105.519997,53002000,103.46940028,102.364349935,-2.8400039999999933,108.360001,106.82,106.87714271428571,1.0677200297377871
2016-09-09,104.639999,105.720001,103.129997,103.129997,46557000,103.64400018,102.29124991999998,-2.3900000000000006,105.519997,106.0,106.46714228571429,1.776474766416303
2016-09-12,102.650002,105.720001,102.529999,105.440002,45292800,103.84080026,102.22404994499999,2.310005000000004,103.129997,106.099998,106.37285714285714,1.8162768693650237
2016-09-13,107.510002,108.790001,107.239998,107.949997,62176200,104.08200022000001,102.173649935,2.5099949999999893,105.440002,106.730003,106.547142,1.9122569772763192
2016-09-14,108.730003,113.029999,108.599998,111.769997,110888700,104.4176002,102.14344992999999,3.8200000000000074,107.949997,107.730003,107.12428399999999,2.7534149848085137
2016-09-15,113.860001,115.730003,113.489998,115.57,89983600,104.81840022,102.129799915,3.8000029999999896,111.769997,107.699997,108.24857014285715,4.235530318007262
2016-09-16,115.120003,116.129997,114.040001,114.919998,79886900,105.19800014,102.117699925,-0.6500019999999864,115.57,108.360001,109.18571257142857,4.9326494528074525
2016-09-19,115.190002,116.18,113.25,113.580002,47023000,105.53600018000002,102.10419994,-1.3399960000000135,114.919998,105.519997,110.33714185714287,4.874730195561734
2016-09-20,113.050003,114.120003,112.510002,113.57,34514300,105.86780012000001,102.09604995500001,-0.010002000000000066,113.580002,103.129997,111.82857085714285,3.7752677261098406
2016-09-21,113.849998,113.989998,112.440002,113.550003,36003200,106.19040022000001,102.06864997500001,-0.019996999999989384,113.57,105.440002,112.98714242857143,2.5255157361084803
2016-09-22,114.349998,114.940002,114.0,114.620003,31074000,106.54540022,102.05034999499999,1.0699999999999932,113.550003,107.949997,113.94000042857144,1.2387634560311929
2016-09-23,114.419998,114.790001,111.550003,112.709999,52481200,106.82380017999999,102.02274997500001,-1.9100040000000007,114.620003,111.769997,114.07428642857143,0.9903676864086223
2016-09-26,111.639999,113.389999,111.550003,112.879997,29869400,107.10580014000001,102.009049945,0.16999800000000675,112.709999,115.57,113.69000028571429,0.8206101591693371
2016-09-27,113.0,113.18,112.339996,113.089996,24607400,107.37100002,101.993649935,0.20999899999999627,112.879997,114.919998,113.42857142857143,0.6336536428114837
2016-09-28,113.690002,114.639999,113.43,113.949997,29641100,107.65259989999998,101.99749992,0.8600009999999969,113.089996,113.580002,113.48142785714286,0.6631362892318053
2016-09-29,113.160004,113.800003,111.800003,112.18,35887000,107.89699992,101.99599990499999,-1.7699969999999894,113.949997,113.57,113.28285642857144,0.8214168233119556
2016-09-30,112.459999,113.370003,111.800003,113.050003,36379100,108.16939998,102.00879993000001,0.870002999999997,112.18,113.550003,113.21142785714287,0.8160364298012379
2016-10-03,112.709999,113.050003,112.279999,112.519997,21701800,108.44659984,102.014699935,-0.5300060000000002,113.050003,114.620003,112.911427,0.556698875171815
2016-10-04,113.059998,114.309998,112.629997,113.0,29736800,108.75979991999999,102.03479992000001,0.4800029999999964,112.519997,112.709999,112.95285571428572,0.5499605128671889
2016-10-05,113.400002,113.660004,112.690002,113.050003,21453100,109.08740002,102.06989994,0.050003000000003794,113.0,112.879997,112.97714228571428,0.5499605643878588
2016-10-06,113.699997,114.339996,113.129997,113.889999,28779300,109.30620006,102.102699925,0.8399959999999993,113.050003,113.089996,113.09142842857143,0.651137709082504
2016-10-07,114.309998,114.559998,113.510002,114.059998,24358400,109.50060009999999,102.1368499,0.16999899999999002,113.889999,113.949997,113.10714285714286,0.6761583045819005
2016-10-10,115.019997,116.75,114.720001,116.050003,36236000,109.73740018000001,102.17404991,1.9900050000000107,114.059998,112.18,113.66000042857142,1.1835266367933193
2016-10-11,117.699997,118.690002,116.199997,116.300003,64041000,109.94240018,102.21539993,0.25,116.050003,113.050003,114.12428614285714,1.4996110575108785
2016-10-12,117.349998,117.980003,116.75,117.339996,37586800,110.19960004,102.26799991,1.0399929999999955,116.300003,112.519997,114.81285742857143,1.7292162610904946
2016-10-13,116.790001,117.440002,115.720001,116.980003,35192400,110.42340008000001,102.309199935,-0.3599930000000029,117.339996,113.0,115.38142928571428,1.687615844913116
2016-10-14,117.879997,118.169998,117.129997,117.629997,35652200,110.65859996,102.36074992,0.6499940000000066,116.980003,113.050003,116.03571414285715,1.5117413226703615
2016-10-17,117.330002,117.839996,116.779999,117.550003,23624900,110.85999996000001,102.422199925,-0.07999399999999923,117.629997,113.889999,116.55857185714285,1.2574767660464088
2016-10-18,118.18,118.209999,117.449997,117.470001,24553500,111.04199992,102.48279994,-0.08000200000000746,117.550003,114.059998,117.04571514285715,0.6343183480471343
2016-10-19,117.25,117.760002,113.800003,117.120003,20034600,111.20820002,102.55484996000001,-0.34999799999999937,117.470001,116.050003,117.19857228571429,0.45910737150913083
2016-10-20,116.860001,117.379997,116.330002,117.059998,24125800,111.38939998,102.63664996500002,-0.06000500000000386,117.120003,116.300003,117.307143,0.2562356802089298
2016-10-21,116.809998,116.910004,116.279999,116.599998,23192700,111.56279994,102.73739997000001,-0.45999999999999375,117.059998,117.339996,117.201429,0.3684849444497247
2016-10-24,117.099998,117.739998,117.0,117.650002,23538700,111.75219998,102.840849985,1.0500040000000013,116.599998,116.980003,117.29714314285715,0.3878889034611246
2016-10-25,117.949997,118.360001,117.309998,118.25,48129000,111.92759991999999,102.93944999000001,0.5999979999999994,117.650002,117.629997,117.385715,0.5236055276342532
2016-10-26,114.309998,115.699997,113.309998,115.589996,66134200,112.05179989999999,103.017599975,-2.6600040000000007,118.25,117.550003,117.105714,0.8459500331407112
2016-10-27,115.389999,115.860001,114.099998,114.480003,34562000,112.15699994,103.103049995,-1.109993000000003,115.589996,117.470001,116.67857142857143,1.2766026890599134
2016-10-28,113.870003,115.209999,113.449997,113.720001,37861700,112.24979992,103.17405001499999,-0.7600020000000001,114.480003,117.120003,116.19285685714284,1.6675897371439412
2016-10-31,113.650002,114.230003,113.199997,113.540001,26419400,112.33339992,103.256100035,-0.1799999999999926,113.720001,117.059998,115.69000014285714,1.8797512911726901
2016-11-01,113.459999,113.769997,110.529999,111.489998,43825800,112.39299984000002,103.330250005,-2.050003000000004,113.540001,116.599998,114.96000014285713,2.3903420745433
2016-11-02,111.400002,112.349998,111.230003,111.589996,28331700,112.4477998,103.40424998,0.09999799999999937,111.489998,117.650002,114.094285,2.3507796710676025
2016-11-03,110.980003,111.459999,109.550003,109.830002,26932600,112.48379986,103.471899975,-1.759994000000006,111.589996,118.25,112.89142814285715,1.9976269414341845
2016-11-04,108.529999,110.25,108.110001,108.839996,30837000,112.50919978,103.508999965,-0.990005999999994,109.830002,115.589996,111.92714242857141,2.1042015801725586
2016-11-07,110.080002,110.510002,109.459999,110.410004,32560000,112.57859982,103.563849975,1.5700080000000014,108.839996,114.480003,111.34571400000002,1.8250198415104002
2016-11-08,110.309998,111.720001,109.699997,111.059998,24254200,112.66339978,103.61919997499999,0.6499939999999924,110.410004,113.720001,110.96571357142857,1.495425085927367
2016-11-09,109.879997,111.32,108.050003,110.879997,59176400,112.76099972,103.70649997000001,-0.18000099999999009,111.059998,113.540001,110.58571299999998,0.982120635108802
2016-11-10,111.089996,111.089996,105.830002,107.790001,57134500,112.79479977999999,103.774999995,-3.0899959999999993,110.879997,111.489998,110.05714200000001,1.3434984656281128
2016-11-11,107.120003,108.870003,106.550003,108.43,34143900,112.82879972,103.83045001500001,0.6399990000000031,107.790001,111.589996,109.605714,1.2715717171693506
2016-11-14,107.709999,107.809998,104.080002,105.709999,51175500,112.78839964,103.87685001,-2.7200010000000105,108.43,109.830002,109.01714214285714,1.9323017461293122
2016-11-15,106.57,107.68,106.160004,107.110001,32264500,112.77659972,103.94,1.4000020000000006,105.709999,108.839996,108.77000000000001,2.0648241305247295
2016-11-16,106.699997,110.230003,106.599998,109.989998,58840500,112.80919965999999,104.00820000000002,2.879997000000003,107.110001,110.410004,108.70999914285713,2.014719724923131
2016-11-17,109.809998,110.349998,108.830002,109.949997,27632000,112.89779965999998,104.07494999500001,-0.04000100000000373,109.989998,111.059998,108.55142757142858,1.8345598415902904
2016-11-18,109.720001,110.540001,109.660004,110.059998,28428900,113.03639967999999,104.15515,0.1100009999999969,109.949997,110.879997,108.43428485714286,1.6808307033510594
2016-11-21,110.120003,111.989998,110.010002,111.730003,29264600,113.1621997,104.238750005,1.6700050000000033,110.059998,107.790001,108.99714228571428,2.048582766787114
2016-11-22,111.949997,112.419998,111.400002,111.800003,25965500,113.23919982,104.32280003,0.07000000000000739,111.730003,108.43,109.4785712857143,2.2764046488347014
2016-11-23,111.360001,111.510002,110.330002,111.230003,27426400,113.22839994,104.40760006000001,-0.5700000000000074,111.800003,105.709999,110.26714328571428,1.6126874120693806
2016-11-25,111.129997,111.870003,110.949997,111.790001,11475900,113.15279996,104.49805008000001,0.5599980000000073,111.230003,107.110001,110.93571471428571,0.8969576406091576
2016-11-28,111.43,112.470001,111.389999,111.57,27194000,113.0858,104.58595009000001,-0.22000100000001055,111.790001,109.989998,111.16142928571428,0.8142999345031611
2016-11-29,110.779999,112.029999,110.07,111.459999,28528800,113.04339994000001,104.66005009,-0.1100009999999969,111.57,109.949997,111.37714385714285,0.6156774801147611
2016-11-30,111.599998,112.199997,110.269997,110.519997,36162300,112.98239987999999,104.72205006,-0.9400019999999927,111.459999,110.059998,111.442858,0.45532985165407774
2016-12-01,110.370003,110.940002,109.029999,109.489998,37086900,112.90119978000001,104.78820003999999,-1.0299990000000037,110.519997,111.730003,111.12285728571429,0.8424526071155739
2016-12-02,109.169998,110.089996,108.849998,109.900002,26528000,112.80679975999999,104.85750004500001,0.4100040000000007,109.489998,111.800003,110.85142857142856,0.8925144512617987
2016-12-05,110.0,110.029999,108.25,109.110001,34324500,112.7347998,104.91865006500001,-0.7900010000000037,109.900002,111.230003,110.54857114285713,1.082180307569221
2016-12-06,109.5,110.360001,109.190002,109.949997,26195500,112.67619979999999,104.99495003999999,0.8399959999999993,109.110001,111.790001,110.28571342857143,0.9451780235417929
2016-12-07,109.260002,111.190002,109.160004,111.029999,29998700,112.63499986000001,105.069600045,1.0800020000000075,109.949997,111.57,110.20857042857143,0.8389557690228328
2016-12-08,110.860001,112.43,110.599998,112.120003,27068300,112.59839998000001,105.14640005000001,1.0900039999999933,111.029999,111.459999,110.30285671428571,1.020486189215218
2016-12-09,112.309998,114.699997,112.309998,113.949997,34402600,112.63379992,105.231600015,1.8299939999999992,112.120003,110.519997,110.7928567142857,1.723472015741989
2016-12-12,113.290001,115.0,112.489998,113.300003,26374400,112.63879992,105.31465002,-0.6499939999999924,113.949997,109.489998,111.33714314285714,1.841047817076216
2016-12-13,113.839996,115.919998,113.75,115.190002,43733800,112.69220002,105.38795003499999,1.889999000000003,113.300003,109.900002,112.09285742857143,2.202958636535208
2016-12-14,115.040001,116.199997,114.980003,115.190002,34031800,112.73600006000001,105.46015004499999,0.0,115.190002,109.110001,112.961429,2.022049971592923
2016-12-15,115.379997,116.730003,115.230003,115.82,46524500,112.7914,105.531750045,0.6299979999999863,115.190002,109.949997,113.80000085714286,1.7659937089349669
2016-12-16,116.470001,116.5,115.650002,115.970001,44351100,112.83300004,105.59655004,0.15000100000000316,115.82,111.029999,114.50571542857142,1.429578120584693
2016-12-19,115.800003,117.379997,115.75,116.639999,27779400,112.88460006000001,105.67040002,0.6699980000000068,115.970001,112.120003,115.15142914285714,1.1695498267025985
2016-12-20,116.739998,117.5,116.68,116.949997,21425000,112.90259994,105.75000001000001,0.3099979999999931,116.639999,113.949997,115.58000057142858,1.2050431278577858
2016-12-21,116.800003,117.400002,116.779999,117.059998,23783200,112.91779983999999,105.829699985,0.1100009999999969,116.949997,113.300003,116.1171427142857,0.7837011900175762
2016-12-22,116.349998,116.510002,115.639999,116.290001,26085900,112.89679994,105.90530000000001,-0.7699969999999894,117.059998,115.190002,116.27428542857145,0.6686502057244635
2016-12-23,115.589996,116.519997,115.589996,116.519997,14249500,112.88759981999999,105.97659997500001,0.22999599999999987,116.290001,115.190002,116.46428471428571,0.4680747996755947
2016-12-27,116.519997,117.800003,116.489998,117.260002,18296900,112.88019992,106.05030000000001,0.7400049999999965,116.519997,115.82,116.66999928571428,0.4539452830434233
2016-12-28,117.519997,118.019997,116.199997,116.760002,20905900,112.86439990000001,106.1112,-0.5,117.260002,115.970001,116.78285657142858,0.3330023623511348
2016-12-29,116.449997,117.110001,116.400002,116.730003,15039500,112.84959993999999,106.16500001,-0.02999900000000366,116.760002,116.639999,116.7957142857143,0.32827107918363885
2016-12-30,116.650002,117.199997,115.43,115.82,30586300,112.82359987999999,106.215099995,-0.9100030000000032,116.730003,116.949997,116.63428614285714,0.4817283644762214
2017-01-03,115.800003,116.330002,114.760002,116.150002,28781900,112.80539995999999,106.26625001500001,0.33000200000000746,115.82,117.059998,116.50428671428573,0.4703500272056352
2017-01-04,115.849998,116.510002,115.75,116.019997,21118100,112.79379994000001,106.31679998,-0.13000499999999704,116.150002,116.290001,116.46571471428571,0.5009288795630921
2017-01-05,115.919998,116.860001,115.809998,116.610001,22193600,112.77299992,106.36624998,0.5900039999999933,116.019997,116.519997,116.47857242857143,0.5037018255324451
2017-01-06,116.779999,118.160004,116.470001,117.910004,31751900,112.76619999999998,106.425150015,1.3000030000000038,116.610001,117.260002,116.57142985714286,0.695257725422926
2017-01-09,117.949997,119.43,117.940002,118.989998,33561900,112.83420004,106.491750015,1.0799939999999992,117.910004,116.760002,116.89000071428572,1.154974783274401
2017-01-10,118.769997,119.379997,118.300003,119.110001,24462100,112.92679999999999,106.56135001000001,0.12000299999999697,118.989998,116.730003,117.23000042857143,1.4199415398760356
2017-01-11,118.739998,119.93,118.599998,119.75,27588600,113.04739998,106.62170001,0.6399990000000031,119.110001,115.82,117.79142900000001,1.5412811881520339
2017-01-12,118.900002,119.300003,118.209999,119.25,27086200,113.16159995999999,106.67015002,-0.5,119.75,116.150002,118.23428585714285,1.4325721389626076
2017-01-13,119.110001,119.620003,118.809998,119.040001,26111900,113.31260001999999,106.72040003499998,-0.20999899999999627,119.25,116.019997,118.66571499999999,1.0611912811717035
2017-01-17,118.339996,120.239998,118.220001,120.0,34439800,113.4808001,106.770450045,0.9599989999999963,119.040001,116.610001,119.15000057142856,0.6670070489359281
2017-01-18,120.0,120.5,119.709999,119.989998,23713000,113.68400002,106.81480002,-0.010002000000000066,120.0,117.910004,119.44714257142857,0.4508031768753847
2017-01-19,119.400002,120.089996,119.370003,119.779999,25597300,113.90280007999999,106.864650025,-0.20999899999999627,119.989998,118.989998,119.55999985714286,0.4147280032280034
2017-01-20,120.449997,120.449997,119.730003,120.0,32597900,114.09460000000001,106.90985003000002,0.22000099999999634,119.779999,119.110001,119.68714257142857,0.3894312446123448
2017-01-23,120.0,120.809998,119.769997,120.080002,22050200,114.27500007999998,106.967550035,0.08000199999999325,120.0,119.75,119.73428571428572,0.4172869333651369
2017-01-24,119.550003,120.099998,119.5,119.970001,23211000,114.45680015999999,107.02410001999999,-0.1100009999999969,120.080002,119.25,119.837143,0.3632588615185143
2017-01-25,120.419998,122.099998,120.279999,121.879997,32377600,114.73860008,107.08840002,1.9099960000000067,119.970001,119.040001,120.24285671428572,0.7277057297042345
2017-01-26,121.669998,122.440002,121.599998,121.940002,26337600,115.00880011999999,107.14590002000001,0.06000500000000386,121.879997,120.0,120.51999985714285,0.9540264024985525
2017-01-27,122.139999,122.349998,121.599998,121.949997,20562900,115.33360008,107.19545,0.009994999999989318,121.940002,119.989998,120.79999971428572,1.0548450660318847
2017-01-30,120.93,121.629997,120.660004,121.629997,30377500,115.624,107.24309999500001,-0.3199999999999932,121.949997,119.779999,121.06428514285714,0.9862179612755164
2017-01-31,121.150002,121.389999,120.620003,121.349998,49201000,115.8512,107.300599995,-0.27999900000000366,121.629997,120.0,121.25714200000002,0.8683631923390881
2017-02-01,127.029999,130.490005,127.010002,128.75,111985000,116.22720006000002,107.40694998,7.400002000000001,121.349998,120.080002,122.49571314285716,2.8443857245455852
2017-02-02,127.980003,129.389999,127.779999,128.529999,33710400,116.59660007999999,107.51504995500001,-0.22000099999999634,128.75,119.970001,123.71857,3.369196556690803
2017-02-03,128.309998,129.190002,128.160004,129.080002,24507300,116.94360006000001,107.62479998,0.5500030000000038,128.529999,121.879997,124.74714214285713,3.7874307577513804
2017-02-06,129.130005,130.5,128.899994,130.289993,26845900,117.31339985999999,107.74639993999999,1.2099910000000023,129.080002,121.940002,125.93999800000002,4.06100592300352
2017-02-07,130.539993,132.089996,130.449997,131.529999,38183800,117.71939978,107.875649935,1.240005999999994,130.289993,121.949997,127.30856971428571,4.106249263419911
2017-02-08,131.350006,132.220001,131.220001,132.039993,23004100,118.12439962,108.01044989,0.509994000000006,131.529999,121.629997,128.795712,3.5549667385099903
2017-02-09,131.649994,132.449997,131.119995,132.419998,28349900,118.54139958,108.15079989,0.38000499999998283,132.039993,121.349998,130.37714057142855,1.6338660096920452
2017-02-10,132.460007,132.940002,132.050003,132.119995,20065500,118.95459949999999,108.322299865,-0.3000030000000038,132.419998,128.75,130.85856842857143,1.569748094139775
2017-02-13,133.080002,133.820007,132.75,133.289993,23035400,119.40999942,108.51459982,1.169998000000021,132.119995,128.529999,131.53856757142856,1.416418752652726
2017-02-14,133.470001,135.089996,133.25,135.020004,33226200,119.92059954,108.72099985000001,1.7300109999999904,133.289993,129.080002,132.3871392857143,1.4760753003809741
2017-02-15,135.520004,136.270004,134.619995,135.509995,35623100,120.43279940000001,108.93034983000001,0.4899910000000034,135.020004,130.289993,133.13285385714286,1.556404160698898
2017-02-16,135.669998,135.899994,134.839996,135.350006,22584600,120.9575995,109.13119986,-0.15998899999999594,135.509995,131.529999,133.67856914285716,1.5703687034536242
2017-02-17,135.100006,135.830002,135.100006,135.720001,22198200,121.47299957999999,109.338849855,0.36999499999998875,135.350006,132.039993,134.2042845714286,1.5461900733346217
2017-02-21,136.229996,136.75,135.979996,136.699997,24507200,121.98639954000001,109.55614985,0.9799959999999999,135.720001,132.419998,134.815713,1.569087386113341
2017-02-22,136.429993,137.119995,136.110001,137.110001,20836900,122.4861995,109.77809985,0.4100040000000149,136.699997,132.119995,135.528571,1.239079466501414
2017-02-23,137.380005,137.479996,136.300003,136.529999,20788200,122.93779954,109.99679984000001,-0.5800020000000075,137.110001,133.289993,135.991429,0.7856919907301513
2017-02-24,135.910004,136.660004,135.279999,136.660004,21776600,123.40499956,110.21299987,0.13000499999998283,136.529999,135.020004,136.22571471428571,0.6859262417049308
2017-02-27,137.139999,137.440002,136.279999,136.929993,20257400,123.83979938,110.435099825,0.2699890000000096,136.660004,135.509995,136.42857157142856,0.6479024768743122
2017-02-28,137.080002,137.440002,136.699997,136.990005,23482900,124.27579944000001,110.66834987,0.0600120000000004,136.929993,135.350006,136.66285714285715,0.46302293269854483
2017-03-01,137.889999,140.149994,137.600006,139.789993,36414600,124.7551993,110.91469984999999,2.7999880000000132,136.990005,135.720001,137.24428457142855,1.1409015000770144
2017-03-02,140.0,140.279999,138.759995,138.960007,26211000,125.21499942,111.14009990000001,-0.8299860000000194,139.789993,136.699997,137.56714314285713,1.273298098688676
2017-03-03,138.779999,139.830002,138.589996,139.779999,21108100,125.67779941999999,111.371549905,0.8199920000000134,138.960007,137.110001,137.94857142857143,1.4942705932137512
2017-03-06,139.369995,139.770004,138.600006,139.339996,21750000,126.12559940000001,111.595449895,-0.44000299999999015,139.779999,136.529999,138.34999957142858,1.4255274088437369
2017-03-07,139.059998,139.979996,138.789993,139.520004,17446300,126.57479952000001,111.82204993,0.18000799999998662,139.339996,136.660004,138.75857100000002,1.260759123564233
2017-03-08,138.949997,139.800003,138.820007,139.0,18707200,127.02899950000001,112.040949925,-0.5200040000000001,139.520004,136.929993,139.05428628571428,0.9694963601809067
2017-03-09,138.740005,138.789993,137.050003,138.679993,22155900,127.47219942,112.25219988999999,-0.3200070000000039,139.0,136.990005,139.29571314285712,0.4301877303681068
2017-03-10,139.25,139.360001,138.639999,139.139999,19612800,127.90979936,112.45839987500001,0.4600059999999928,138.679993,139.789993,139.20285685714285,0.3719200605613113
2017-03-13,138.850006,139.429993,138.820007,139.199997,17421700,128.35859926,112.656299845,0.05999800000000732,139.139999,138.960007,139.23714114285715,0.35654626362450675
2017-03-14,139.300003,139.649994,138.839996,138.990005,15309100,128.8037993,112.84919985,-0.20999199999999973,139.199997,139.779999,139.12428485714287,0.27079428234225794
2017-03-15,139.410004,140.75,139.029999,140.460007,25691800,129.29659944000002,113.04974989499999,1.4700019999999938,138.990005,139.339996,139.28428642857142,0.5771187176893512
2017-03-16,140.720001,141.020004,140.259995,140.690002,19232000,129.78739944,113.25389990000002,0.2299950000000024,140.460007,139.520004,139.451429,0.7877513467495819
2017-03-17,141.0,141.0,139.889999,139.990005,43885000,130.26679959999998,113.46154993,-0.6999969999999962,140.690002,139.0,139.59285828571427,0.7820457543697106
2017-03-20,140.399994,141.5,140.229996,141.460007,21542000,130.76379971999998,113.68024996,1.4700019999999938,139.990005,138.679993,139.99000314285715,0.9325973050284116
2017-03-21,142.110001,142.800003,139.729996,139.839996,39529900,131.20239956,113.88984995000001,-1.6200109999999768,141.460007,139.139999,140.0900027142857,0.8610480145448794
2017-03-22,139.850006,141.600006,139.759995,141.419998,25860200,131.65099956,114.103799955,1.580001999999979,139.839996,139.199997,140.40714571428572,0.887049567529716
2017-03-23,141.259995,141.580002,140.610001,140.919998,20346300,132.0871995,114.31324995000001,-0.5,141.419998,138.990005,140.68285899999998,0.6381936178214745
2017-03-24,141.5,141.740005,140.350006,140.639999,22395600,132.50499948,114.52174993499999,-0.27999900000000366,140.919998,140.460007,140.70857214285712,0.6313071582907976
2017-03-27,139.389999,141.220001,138.619995,140.880005,23575100,132.93759958,114.72789995,0.24000600000002237,140.639999,140.690002,140.7357154285714,0.63445244597764
2017-03-28,140.910004,144.039993,140.619995,143.800003,33374800,133.43279962,114.952749955,2.9199979999999925,140.880005,139.990005,141.28000085714285,1.2366101056306433
2017-03-29,143.679993,144.490005,143.190002,144.119995,29190000,133.91519952000002,115.18664994999999,0.31999199999998496,143.800003,141.460007,141.65999914285712,1.6430460005765095
2017-03-30,144.190002,144.5,143.5,143.929993,21207300,134.39399942,115.41899992,-0.19000199999999268,144.119995,139.839996,142.24428442857143,1.6149477063671662
2017-03-31,143.720001,144.270004,143.009995,143.660004,19661700,134.87159952,115.651599945,-0.2699890000000096,143.929993,141.419998,142.56428528571428,1.6460228083877866
2017-04-03,143.710007,144.119995,143.050003,143.699997,19985700,135.34559946,115.88234991499999,0.039993000000009715,143.660004,140.919998,142.961428,1.5131892691612838
2017-04-04,143.25,144.889999,143.169998,144.770004,19891400,135.8393995,116.129549925,1.070007000000004,143.699997,140.639999,143.55142871428572,1.2371781892381943
2017-04-05,144.220001,145.460007,143.809998,144.020004,27717900,136.32039956,116.374149955,-0.75,144.770004,140.880005,144.0,0.3781983562723453
2017-04-06,144.289993,144.520004,143.449997,143.660004,21149000,136.75599970000002,116.61289995499999,-0.36000000000001364,144.020004,143.800003,143.98000014285714,0.3939125326197632
2017-04-07,143.729996,144.179993,143.270004,143.339996,16672200,137.18399958,116.85184991999999,-0.320007999999973,143.660004,144.119995,143.8685717142857,0.45352235889756987
2017-04-10,143.600006,143.880005,142.899994,143.169998,18933400,137.6083996,117.08719992,-0.16999800000002097,143.339996,143.929993,143.760001,0.5221453565289872
2017-04-11,142.940002,143.350006,140.059998,141.630005,30379400,138.00839976,117.32834993499999,-1.5399929999999813,143.169998,143.660004,143.47000114285714,0.9638463553281043
2017-04-12,141.600006,142.149994,141.009995,141.800003,20350000,138.41739986,117.577149945,0.16999799999999254,141.630005,143.699997,143.19857342857145,1.1397575366675259
2017-04-13,141.910004,142.380005,141.050003,141.050003,17822900,138.66339992,117.81444997999999,-0.75,141.800003,144.770004,142.6671447142857,1.1521233261159174
2017-04-17,141.479996,141.880005,140.869995,141.830002,16582100,138.92939998,118.05159997999999,0.7799990000000037,141.050003,144.020004,142.3542872857143,1.012402277945424
2017-04-18,141.410004,142.039993,141.110001,141.199997,14697500,139.17179988,118.279599975,-0.6300050000000113,141.830002,143.660004,142.00285771428574,0.9048684024341709
2017-04-19,141.880005,142.0,140.449997,140.679993,17328400,139.37959988,118.50354994499999,-0.5200040000000001,141.199997,143.339996,141.62285728571428,0.802491010491779
2017-04-20,141.220001,142.919998,141.160004,142.440002,23319600,139.59779994000002,118.740799965,1.7600089999999966,140.679993,143.169998,141.51857214285715,0.5862172931402605
2017-04-21,142.440002,142.679993,141.850006,142.270004,17320900,139.80240016,118.97449999,-0.16999799999999254,142.440002,141.630005,141.61000057142857,0.6526385855485689
2017-04-24,143.5,143.949997,143.179993,143.639999,17134300,140.02680018,119.212999975,1.3699949999999887,142.270004,141.800003,141.87285714285716,1.012979137430626
2017-04-25,143.910004,144.899994,143.869995,144.529999,18871500,140.27500025999998,119.45224997,0.8900000000000148,143.639999,141.050003,142.36999942857145,1.3422630852447863
2017-04-26,144.470001,144.600006,143.380005,143.679993,20041200,140.48280026,119.68574991999999,-0.8500060000000076,144.529999,141.830002,142.63428385714286,1.3991415975571309
2017-04-27,143.919998,144.160004,143.309998,143.789993,14246300,140.65820004,119.91759989499998,0.11000000000001364,143.679993,141.199997,143.00428328571428,1.295232994123515
2017-04-28,144.089996,144.300003,143.270004,143.649994,20860400,140.82100001999999,120.15149985,-0.1399990000000173,143.789993,140.679993,143.42856914285716,0.7979409573682384
2017-05-01,145.100006,147.199997,144.960007,146.580002,33602900,141.04559994,120.390449855,2.930008000000015,143.649994,142.440002,144.0199977142857,1.3118694294849618
2017-05-02,147.539993,148.089996,146.839996,147.509995,45352200,141.28139982000002,120.634099835,0.9299929999999961,146.580002,142.270004,144.76856785714284,1.6083692902500566
2017-05-03,145.589996,147.490005,144.270004,147.059998,45697000,141.48859983999998,120.87024981500001,-0.4499969999999962,147.509995,143.639999,145.25713914285714,1.7237160327147312
2017-05-04,146.520004,147.139999,145.809998,146.529999,23371900,141.6769998,121.10354979499999,-0.5299990000000037,147.059998,144.529999,145.54285342857142,1.7486753379710842
2017-05-05,146.759995,148.979996,146.759995,148.960007,27327700,141.92559996,121.34854983500001,2.4300079999999866,146.529999,143.679993,146.29714114285713,1.9395546090405469
2017-05-08,149.029999,153.699997,149.029999,153.009995,48752400,142.25259978,121.61644981,4.049988000000013,148.960007,143.789993,147.6142842857143,2.863674363889835
2017-05-09,153.869995,154.880005,153.449997,153.990005,39130400,142.59380002,121.893099815,0.9800099999999929,153.009995,143.649994,149.0914287142857,3.1322066952747796
2017-05-10,153.630005,153.940002,152.110001,153.259995,25805700,142.91919982,122.17269981000001,-0.7300099999999929,153.990005,146.580002,150.04571342857142,3.2547242130293053
2017-05-11,152.449997,154.070007,152.309998,153.949997,27255100,143.2023999,122.45909980500001,0.6900019999999927,153.259995,147.509995,150.96571371428573,3.3278656021140973
2017-05-12,154.699997,156.419998,154.669998,156.100006,32527000,143.54519988,122.72484985000001,2.1500090000000114,153.949997,147.059998,152.25714342857142,3.3136068938080148
2017-05-15,156.009995,156.649994,155.050003,155.699997,26009700,143.86359984,122.98164985500001,-0.4000090000000114,156.100006,146.529999,153.56714314285713,2.342374383993486
2017-05-16,155.940002,156.059998,154.720001,155.470001,20048500,144.18619994,123.23794986499999,-0.22999599999999987,155.699997,148.960007,154.4971422857143,1.2423889805798762
2017-05-17,153.600006,154.570007,149.710007,150.25,50767700,144.40079985999998,123.45894985,-5.220000999999996,155.470001,153.009995,154.10285728571426,1.9999820078989765
2017-05-18,151.270004,153.339996,151.130005,152.539993,33568200,144.67159972,123.69924980000002,2.2899930000000097,150.25,153.990005,153.8957127142857,2.086824350314039
2017-05-19,153.380005,153.979996,152.630005,153.059998,26960800,144.95919981999998,123.935599785,0.5200049999999976,152.539993,153.259995,153.8671417142857,2.098316117410643
2017-05-22,154.0,154.580002,152.910004,153.990005,22966400,145.25619994000002,124.17619979500002,0.9300069999999891,153.059998,153.949997,153.87285714285716,2.098633876964214
2017-05-23,154.899994,154.899994,153.309998,153.800003,19918900,145.54820006,124.40779979499999,-0.19000199999999268,153.990005,156.100006,153.5442852857143,1.858089715019413
2017-05-24,153.839996,154.169998,152.669998,153.339996,19178000,145.83519988,124.63264976,-0.4600069999999903,153.800003,155.699997,153.2071422857143,1.5976006819796709
2017-05-25,153.729996,154.350006,153.029999,153.869995,19235600,146.10339964000002,124.857949745,0.5299989999999752,153.339996,155.470001,152.97857000000002,1.3081217301798262
2017-05-26,154.0,154.240005,153.309998,153.610001,21927600,146.36179962,125.08599974999998,-0.25999399999997763,153.869995,150.25,153.45857014285716,0.5176718182840239
2017-05-30,153.419998,154.429993,153.330002,153.669998,20126900,146.63539948,125.31469974,0.059996999999981426,153.610001,152.539993,153.61999942857142,0.32311157517330164
2017-05-31,153.970001,154.169998,152.380005,152.759995,24451200,146.86139924,125.537599715,-0.910002999999989,153.669998,153.059998,153.57714185714286,0.4162441505544867
2017-06-01,153.169998,153.330002,152.220001,153.179993,16404100,147.12819918,125.75609966499998,0.41999799999999254,152.759995,153.990005,153.46142585714284,0.39435496882735094
2017-06-02,153.580002,155.449997,152.889999,155.449997,27770700,147.40879916,125.98644966499998,2.270004,153.179993,153.800003,153.6971392857143,0.854785549549277
2017-06-05,154.339996,154.449997,153.460007,153.929993,25331700,147.66899906,126.209999625,-1.5200040000000001,155.449997,153.339996,153.78142457142857,0.8427031381532368
2017-06-06,153.899994,155.809998,153.779999,154.449997,26624900,147.94519902,126.4368496,0.5200040000000001,153.929993,153.869995,153.864282,0.8805280964154594
2017-06-07,155.020004,155.979996,154.479996,155.369995,21069600,148.23499882,126.66689957,0.9199979999999925,154.449997,153.610001,154.1157097142857,1.0337617322424668
2017-06-08,155.25,155.539993,154.399994,154.990005,21250800,148.45879886,126.89929958500001,-0.3799899999999923,155.369995,153.669998,154.30428214285712,1.058992941662282
2017-06-09,155.190002,155.190002,146.020004,148.979996,64882700,148.55599887999998,127.099949575,-6.010008999999997,154.990005,152.759995,153.76428228571427,2.2601916413720873
2017-06-12,145.740005,146.089996,142.509995,145.419998,72307300,148.58579898,127.28689957,-3.5599980000000073,148.979996,153.179993,152.65571157142855,3.901580461936404
2017-06-13,147.160004,147.449997,145.149994,146.589996,34165400,148.64439882,127.48199954999998,1.169998000000021,145.419998,155.449997,151.38999714285714,4.264282351503583
2017-06-14,147.5,147.5,143.839996,145.160004,31531200,148.67359896,127.67309956,-1.429992000000027,146.589996,153.929993,150.13714157142857,4.663302296759887
2017-06-15,143.320007,144.479996,142.210007,144.289993,32165400,148.66399874,127.860449525,-0.8700109999999768,145.160004,154.449997,148.6857124285714,4.6783228554196565
2017-06-16,143.779999,144.5,142.199997,142.270004,50361100,148.62899874000001,128.041799545,-2.0199890000000096,144.289993,155.369995,146.81428514285716,4.149020546727025
2017-06-19,143.660004,146.740005,143.660004,146.339996,32541400,148.68259858,128.242999535,4.069992000000013,142.270004,154.990005,145.57856957142857,2.080858523832267
2017-06-20,146.869995,146.869995,144.940002,145.009995,24900100,148.71599856,128.434399495,-1.33000100000001,146.339996,148.979996,145.0114265714286,1.442327412805439
2017-06-21,145.520004,146.070007,144.610001,145.869995,21265800,148.7699985,128.625099455,0.8599999999999852,145.009995,145.419998,145.07571185714286,1.4732691054793399
2017-06-22,145.770004,146.699997,145.119995,145.630005,19106300,148.8499985,128.814749495,-0.2399899999999775,145.869995,146.589996,144.9385702857143,1.3481877275050764
2017-06-23,145.130005,147.160004,145.110001,146.279999,35439400,148.93959842,129.004349485,0.6499939999999924,145.630005,145.160004,145.09856957142856,1.4420391000972783
2017-06-26,147.169998,148.279999,145.380005,145.820007,25692400,149.0349985,129.205849535,-0.45999199999999973,146.279999,144.289993,145.31714300000002,1.4147506307352444
2017-06-27,145.009995,146.160004,143.619995,143.729996,24761900,149.07299838,129.40884953,-2.090011000000004,145.820007,142.270004,145.5257132857143,0.9072471777031703
2017-06-28,144.490005,146.110001,143.160004,145.830002,22082400,149.16559848,129.61079953,2.1000060000000076,143.729996,146.339996,145.452857,0.8496041885276867
2017-06-29,144.710007,145.130005,142.279999,143.679993,31499400,149.22559848,129.78944951000003,-2.1500090000000114,145.830002,145.009995,145.26285671428573,1.0820646094722617
2017-06-30,144.449997,144.960007,143.779999,144.020004,23024100,149.25719852,129.95069954500002,0.34001100000000406,143.679993,145.869995,144.9985722857143,1.1337493161750345
2017-07-03,144.880005,145.300003,143.100006,143.5,14277800,149.28179844,130.09034954499998,-0.5200040000000001,144.020004,145.630005,144.69428585714286,1.2186881663025746
2017-07-05,143.690002,144.789993,142.720001,144.089996,21569600,149.29079837999998,130.236199535,0.5899960000000135,143.5,146.279999,144.3814282857143,1.0063735323866378
2017-07-06,143.020004,143.5,142.410004,142.729996,24128800,149.25479832000002,130.38194950500002,-1.3600000000000136,144.089996,145.820007,143.93999814285715,0.9460815680191674
2017-07-07,142.899994,144.75,142.899994,144.179993,19201700,149.26479831999998,130.53499946999997,1.4499969999999962,142.729996,143.729996,144.00428342857143,0.9447213386151226
2017-07-10,144.110001,145.949997,143.369995,145.059998,21090600,149.29019842000002,130.692549445,0.8800050000000113,144.179993,145.830002,143.89428285714285,0.7131589958386586
2017-07-11,144.729996,145.850006,144.380005,145.529999,19781800,149.32779852,130.847099425,0.47000099999999634,145.059998,143.679993,144.1585694285714,0.9302589186476036
2017-07-12,145.869995,146.179993,144.820007,145.740005,24884500,149.31099858000002,131.012249455,0.2100059999999928,145.529999,144.020004,144.40428385714287,1.0993482129628402
2017-07-13,145.5,148.490005,145.440002,147.770004,25199400,149.31619876000002,131.18669949,2.0299990000000037,145.740005,143.5,145.01428442857144,1.589393850173198
2017-07-14,147.970001,149.330002,147.330002,149.039993,20132100,149.35579866,131.366449475,1.2699890000000096,147.770004,144.089996,145.72142685714286,2.1216622559010707
2017-07-17,148.820007,150.899994,148.570007,149.559998,23793500,149.41639864,131.54449948,0.5200049999999976,149.039993,142.729996,146.69714142857143,2.086885308304933
2017-07-18,149.199997,150.130005,148.669998,150.080002,17868800,149.43879854,131.73399949,0.5200040000000001,149.559998,144.179993,147.53999985714287,2.092262685072575
2017-07-19,150.479996,151.419998,149.949997,151.020004,20923000,149.39899872,131.92384949499998,0.9400019999999927,150.080002,145.059998,148.3914292857143,2.1272389765488184
2017-07-20,151.5,151.740005,150.190002,150.339996,17243700,149.32599854,132.11294949,-0.6800079999999866,151.020004,145.529999,149.07857171428572,1.8006873650594561
2017-07-21,149.990005,150.440002,148.880005,150.270004,26252600,149.26619872,132.29929951,-0.06999200000001338,150.339996,145.740005,149.72571442857142,1.0643289949730868
2017-07-24,150.580002,152.440002,149.899994,152.089996,21493200,149.2289987,132.494499475,1.8199920000000134,150.270004,147.770004,150.34285614285713,0.9912747733125601
2017-07-25,151.800003,153.839996,151.800003,152.740005,18853900,149.16179868,132.688749505,0.650008999999983,152.089996,149.039993,150.8714292857143,1.153898996162666
2017-07-26,153.350006,153.929993,153.059998,153.460007,15781000,149.11699887999998,132.88574955,0.7200019999999938,152.740005,149.559998,151.42857342857147,1.3414490147086569
2017-07-27,153.75,153.990005,147.300003,150.559998,32476300,149.01879882,133.058299525,-2.900008999999983,153.460007,150.080002,151.49714428571428,1.2714674851256604
2017-07-28,149.889999,150.229996,149.190002,149.5,17213700,149.00379882000001,133.22429951,-1.0599980000000073,150.559998,151.020004,151.28000085714285,1.4793377437273694
2017-07-31,149.899994,150.330002,148.130005,148.729996,19845900,148.92759888,133.38124951,-0.7700040000000001,149.5,150.339996,151.05000085714286,1.7502026835054718
2017-08-01,149.100006,150.220001,148.410004,150.050003,35368600,148.86739898,133.54659951,1.320007000000004,148.729996,150.270004,151.01857214285715,1.7684241039535995
2017-08-02,159.279999,159.75,156.160004,157.139999,69936800,148.93039886,133.74414952,7.089995999999985,150.050003,152.089996,151.74000114285715,2.92815761017264
2017-08-03,157.050003,157.210007,155.020004,155.570007,27097300,148.96579894,133.93424954,-1.569991999999985,157.139999,152.740005,152.14428714285714,3.265206703588289
2017-08-04,156.070007,157.399994,155.690002,156.389999,20559900,149.02679899999998,134.12884953,0.819991999999985,155.570007,153.460007,152.56285742857145,3.629462580643997
2017-08-07,157.059998,158.919998,156.669998,158.809998,21870300,149.12559905999998,134.337299505,2.4199990000000184,156.389999,150.559998,153.74142885714286,4.169933990057601
2017-08-08,158.600006,161.830002,158.270004,160.080002,36205900,149.25499908,134.552399525,1.2700040000000001,158.809998,149.5,155.2528577142857,4.291988026046158
2017-08-09,159.259995,161.270004,159.110001,161.059998,26131500,149.40279908,134.774699525,0.9799959999999999,160.080002,148.729996,157.01428657142858,3.6511116872623584
2017-08-10,159.899994,160.0,154.630005,155.320007,40804300,149.45399932,134.96304955,-5.739991000000003,161.059998,150.050003,157.7671442857143,2.250387883393885
2017-08-11,156.600006,158.570007,156.070007,157.479996,26257100,149.53999938,135.15919953,2.159988999999996,155.320007,157.139999,157.81571528571428,2.2382322894293174
2017-08-14,159.320007,160.210007,158.75,159.850006,22122700,149.62799956,135.38049958,2.3700100000000077,157.479996,155.570007,158.4271437142857,2.1030264949793054
2017-08-15,160.660004,162.199997,160.139999,161.600006,29465500,149.78139982,135.616099595,1.75,159.850006,156.389999,159.17143042857143,2.1823412556716604
2017-08-16,161.940002,162.509995,160.149994,160.949997,27671600,149.91139982,135.852249575,-0.6500090000000114,161.600006,158.809998,159.4771445714286,2.2713475378366295
2017-08-17,160.520004,160.710007,157.839996,157.860001,27940600,149.96119994,136.073849575,-3.089995999999985,160.949997,160.080002,159.16000157142858,2.327436941505443
2017-08-18,157.860001,159.5,156.720001,157.5,27428100,150.01139984000002,136.303899585,-0.3600010000000111,157.860001,161.059998,158.65143042857144,2.2299806739535337
2017-08-21,157.5,157.889999,155.110001,157.210007,26368500,150.17600006,136.53199963999998,-0.2899930000000097,157.5,155.320007,158.92143042857145,1.8396513382177173
2017-08-22,158.229996,160.0,158.020004,159.779999,21604600,150.46320008,136.781749625,2.5699920000000134,157.210007,157.479996,159.2500022857143,1.742105660786541
2017-08-23,159.070007,160.470001,158.880005,159.979996,19399100,150.73100008,137.037449625,0.1999969999999962,159.779999,159.850006,159.26857228571427,1.7502411858325433
2017-08-24,160.429993,160.740005,158.550003,159.270004,19818900,151.01320008000002,137.281749625,-0.7099919999999997,159.979996,161.600006,158.93571485714284,1.4241328158402522
2017-08-25,159.649994,160.559998,159.270004,159.860001,25480100,151.32460024,137.52574964000002,0.589997000000011,159.270004,160.949997,158.78000114285715,1.210796615184026
2017-08-28,160.139999,162.0,159.929993,161.470001,25966000,151.70860018,137.77869966,1.6099999999999852,159.860001,157.860001,159.29571542857144,1.490198032544068
2017-08-29,160.100006,163.119995,160.0,162.910004,29516900,152.04000034,138.054299675,1.4400029999999902,161.470001,157.5,160.06857314285713,1.778644882516937
2017-08-30,163.800003,163.889999,162.610001,163.350006,27269600,152.40680056,138.328899705,0.4400020000000211,162.910004,157.210007,160.94571585714286,1.6427726320105884
2017-08-31,163.639999,164.520004,163.479996,164.0,26785100,152.76940066,138.62034971,0.6499939999999924,163.350006,159.779999,161.54857314285715,1.8981530061530834
2017-09-01,164.800003,164.940002,163.630005,164.050003,16591100,153.13780062,138.90504972,0.050003000000003794,164.0,159.979996,162.1300027142857,1.9599406309035015
2017-09-05,163.75,164.25,160.559998,162.080002,29468500,153.45380068,139.16549974,-1.9700009999999963,164.050003,159.270004,162.53143100000003,1.5134452091013515
2017-09-06,162.710007,162.990005,160.520004,161.910004,21651700,153.77560062,139.425299775,-0.16999800000002097,162.080002,159.860001,162.82428857142855,1.0321799566240715
2017-09-07,162.089996,162.240005,160.360001,161.259995,21928500,154.1262006,139.68129975999997,-0.650008999999983,161.910004,161.470001,162.7942877142857,1.0800456756252266
2017-09-08,160.860001,161.149994,158.529999,158.630005,28611500,154.38220066000002,139.91579977,-2.6299899999999923,161.259995,162.910004,162.1828592857143,1.9021890534978498
2017-09-11,160.5,162.050003,159.889999,161.5,31580800,154.73860079999997,140.164299755,2.8699949999999887,158.630005,163.350006,161.91857271428574,1.8405195272005035
2017-09-12,162.610001,163.960007,158.770004,160.860001,71714000,155.07540074,140.412449745,-0.6399989999999889,161.5,164.0,161.47000142857146,1.6178583539171094
2017-09-13,159.869995,159.960007,157.910004,159.649994,44907400,155.39840062,140.65174971,-1.2100070000000187,160.860001,164.050003,160.8414287142857,1.264587366924203
2017-09-14,158.990005,159.399994,158.089996,158.279999,23760700,155.68220068,140.885299705,-1.3699949999999887,159.649994,162.080002,160.29857114285716,1.4467829397577727
2017-09-15,158.470001,160.970001,158.0,159.880005,49114600,156.02520086,141.127399735,1.6000060000000076,158.279999,161.910004,160.00857128571428,1.261537923297809
2017-09-18,160.110001,160.5,158.0,158.669998,28269400,156.31500096,141.36814974,-1.2100070000000187,159.880005,161.259995,159.63857171428572,1.2121803317480646
2017-09-19,159.509995,159.770004,158.440002,158.729996,20810600,156.58840092,141.61434973,0.05999800000000732,158.669998,158.630005,159.65285614285716,1.1988300989706981
2017-09-20,157.899994,158.259995,153.830002,156.070007,52951400,156.79920108,141.84519975499998,-2.659988999999996,158.729996,161.5,158.87714285714287,1.518547083961292
2017-09-21,155.800003,155.800003,152.75,153.389999,37511700,156.95220096,142.066599745,-2.680008000000015,156.070007,160.860001,157.80999971428574,2.310893454925322
2017-09-22,151.539993,152.270004,150.559998,151.889999,46645400,157.03460085999998,142.276299755,-1.5,153.389999,159.649994,156.701429,3.0303931990689033
2017-09-25,149.990005,151.830002,149.160004,150.550003,44387300,157.06480106,142.47389977499998,-1.339995999999985,151.889999,158.279999,155.59714385714284,3.694855353443227
2017-09-26,151.779999,153.919998,151.690002,153.139999,36660000,157.13640107999998,142.678999755,2.589995999999985,150.550003,159.880005,154.63428585714286,3.2433709079713053
2017-09-27,153.800003,154.720001,153.539993,154.229996,25504200,157.21940096,142.88039975,1.089997000000011,153.139999,158.669998,153.99999985714285,2.713453388828191
2017-09-28,153.889999,154.279999,152.699997,153.279999,22005500,157.26460086,143.08029972999998,-0.9499969999999962,154.229996,158.729996,153.22142885714285,1.735862123394523
2017-09-29,153.210007,154.130005,152.0,154.119995,26299800,157.34020084,143.274949695,0.8399959999999851,153.279999,156.070007,152.9428557142857,1.3056994660775199
2017-10-02,154.259995,154.449997,152.720001,153.809998,18698800,157.41100072,143.468049675,-0.3099969999999814,154.119995,153.389999,153.00285557142857,1.3388991323723807
2017-10-03,154.009995,155.089996,153.910004,154.479996,16230300,157.45880072,143.661349655,0.6699979999999925,153.809998,151.889999,153.37285514285713,1.3379774311220927
2017-10-04,153.630005,153.860001,152.460007,153.479996,20163800,157.47360054,143.84889963,-1.0,154.479996,150.550003,153.79142557142856,0.509522350551239
2017-10-05,154.179993,155.440002,154.050003,155.389999,21283800,157.51220038000002,144.04264963,1.910002999999989,153.479996,153.139999,154.11285414285712,0.7030344108606165
2017-10-06,154.970001,155.490005,154.559998,155.300003,17407600,157.60700047999998,144.23439966,-0.08999599999998509,155.389999,154.229996,154.26571228571427,0.8364194729700937
2017-10-09,155.809998,156.729996,155.490005,155.839996,16262900,157.7338004,144.42829965,0.5399930000000097,155.300003,153.279999,154.63142614285715,0.8914498829499583
2017-10-10,156.059998,158.0,155.100006,155.899994,15617000,157.87720036,144.626349615,0.0599979999999789,155.839996,154.119995,154.8857117142857,0.971525595331348
2017-10-11,155.970001,156.979996,155.75,156.550003,16905600,158.00720036,144.826499645,0.6500090000000114,155.899994,153.809998,155.277141,1.0168053880415784
2017-10-12,156.350006,157.369995,155.729996,156.0,16125100,157.98440038,145.020199635,-0.5500030000000038,156.550003,154.479996,155.49428442857143,0.9798286657843213
2017-10-13,156.729996,157.279999,156.410004,156.990005,16394200,158.01280033999998,145.22134965,0.9900049999999965,156.0,153.479996,155.99571428571429,0.60279683263848
2017-10-16,157.899994,160.0,157.649994,159.880005,24121500,158.08260045999998,145.43709966,2.890000000000015,156.990005,155.389999,156.6371437142857,1.5286696553708599
2017-10-17,159.779999,160.869995,159.229996,160.470001,18997300,158.11580052000002,145.660349665,0.5899959999999851,159.880005,155.300003,157.37571485714287,1.9623720273745797
2017-10-18,160.419998,160.710007,159.600006,159.759995,16374200,158.10940037999998,145.87839963,-0.7100059999999928,160.470001,155.839996,157.93571471428572,2.009833506967341
2017-10-19,156.75,157.080002,155.020004,155.979996,42584200,158.00780034,146.078199625,-3.7799990000000037,159.759995,155.899994,157.94714357142857,1.9965114110108022
2017-10-20,156.610001,157.75,155.960007,156.25,23974100,158.02640019999998,146.27639962,0.27000400000000013,155.979996,156.550003,157.904286,2.0343624722701374
2017-10-23,156.889999,157.690002,155.5,156.169998,21984300,158.00020024,146.46769959000002,-0.08000200000000746,156.25,156.0,157.92857142857142,2.0086938224605952
2017-10-24,156.289993,157.419998,156.199997,157.100006,17757200,157.94520024,146.65824963,0.930008000000015,156.169998,156.990005,157.94428585714286,2.0005411917809157
2017-10-25,156.910004,157.550003,155.270004,156.410004,21207100,157.8414002,146.84474964499998,-0.6900020000000211,157.100006,159.880005,157.44857142857146,1.8663633539743407
2017-10-26,157.229996,157.830002,156.779999,157.410004,17000500,157.77060034,147.033049665,1.0,156.410004,160.470001,157.011429,1.3187537858266278
2017-10-27,159.289993,163.600006,158.699997,163.050003,44454200,157.87440038,147.25204968,5.639999000000017,157.410004,159.759995,157.48143014285714,2.5099177497447758
2017-10-30,163.889999,168.070007,163.720001,166.720001,44700800,158.0588004,147.49044968,3.6699979999999925,163.050003,155.979996,159.01571657142858,4.171665649468375
2017-10-31,167.899994,169.649994,166.940002,169.039993,36046800,158.29540011999998,147.73564964500002,2.3199920000000134,166.720001,156.25,160.84285842857142,5.383378182668712
2017-11-01,169.869995,169.940002,165.610001,166.889999,33637800,158.43760011999998,147.97014965,-2.149994000000021,169.039993,156.169998,162.37428714285716,5.357237022678419
2017-11-02,166.600006,168.5,165.279999,168.110001,41393400,158.60020021999998,148.21179966,1.2200020000000222,166.889999,157.100006,163.94714357142857,5.163383283044997
2017-11-03,174.0,174.259995,171.119995,172.5,59398600,158.86480014,148.47429965999999,4.389998999999989,168.110001,156.410004,166.2457144285714,4.8187489012050175
2017-11-06,172.369995,174.990005,171.720001,174.25,35026300,159.15260012,148.74514965,1.75,172.5,157.410004,168.65142814285716,3.759624210894953
2017-11-07,173.910004,175.25,173.600006,174.809998,24361500,159.41940006000002,149.01934963500003,0.5599980000000073,174.25,163.050003,170.33142742857143,3.454559332658759
2017-11-08,174.660004,176.240005,174.330002,176.240005,24409500,159.68600007999999,149.291149675,1.4300069999999891,174.809998,166.720001,171.69142800000003,3.663458254294727
2017-11-09,175.110001,176.100006,173.139999,175.880005,29482600,159.93660006,149.56084969,-0.3599999999999852,176.240005,169.039993,172.66857257142857,3.7495765853662126
2017-11-10,175.110001,175.380005,174.270004,174.669998,25145500,160.15000002,149.824449695,-1.2100070000000187,175.880005,166.889999,173.78000100000003,2.778573572297541
2017-11-13,173.5,174.5,173.399994,173.970001,16982100,160.34839997999998,150.086149715,-0.6999969999999962,174.669998,168.110001,174.61714385714285,1.2452823934865311
2017-11-14,173.039993,173.479996,171.179993,171.339996,24782500,160.53359985999998,150.336099705,-2.630004999999983,173.970001,172.5,174.451429,1.600496772138692
2017-11-15,169.970001,170.320007,168.380005,169.080002,29158100,160.67699982,150.53774971500002,-2.259994000000006,171.339996,174.25,173.71285785714286,2.5936712252653433
2017-11-16,171.179993,171.869995,170.300003,171.100006,23637500,160.87380004,150.75059975,2.020004,169.080002,174.809998,173.182859,2.708621093315234
2017-11-17,171.039993,171.389999,169.639999,170.149994,21899500,161.10419982000002,150.95594971,-0.9500120000000152,171.100006,176.240005,172.31285742857145,2.5355334305889343
2017-11-20,170.289993,170.559998,169.559998,169.979996,16262400,161.27379974,151.154399725,-0.16999799999999254,170.149994,175.880005,171.469999,2.0943736931787114
2017-11-21,170.779999,173.699997,170.779999,173.139999,25131300,161.5193997,151.362449725,3.160002999999989,169.979996,174.669998,171.2514277142857,1.7575029422214108
2017-11-22,173.360001,175.0,173.050003,174.960007,25588900,161.82559996,151.577049795,1.8200080000000014,173.139999,173.970001,171.39285714285714,2.031247694450753
2017-11-24,175.100006,175.5,174.649994,174.970001,14026700,162.15939999999998,151.78979981,0.009994000000006054,174.960007,171.339996,171.9114292857143,2.438119069423124
2017-11-27,175.050003,175.080002,173.339996,174.089996,20716800,162.44359982,151.999649815,-0.8800049999999828,174.970001,169.080002,172.62714271428572,2.1912705618564834
2017-11-28,174.300003,174.869995,171.860001,173.070007,26428800,162.73160000000001,152.198549885,-1.0199890000000096,174.089996,171.100006,172.90857142857143,2.0864470372071744
2017-11-29,172.630005,172.919998,167.160004,169.479996,41666400,162.9466,152.37084984499998,-3.590011000000004,173.070007,170.149994,172.8128574285714,2.24353958756513
2017-11-30,170.429993,172.139999,168.440002,171.850006,41527200,163.26219998,152.5525499,2.3700100000000077,169.479996,169.979996,173.08000171428571,1.940929150352026
2017-12-01,169.949997,171.669998,168.5,171.050003,39759300,163.61540006,152.731049885,-0.8000030000000038,171.850006,173.139999,172.78143085714285,2.0855262728577837
2017-12-04,172.479996,172.619995,169.630005,169.800003,32542400,163.97360014000003,152.901449895,-1.25,171.050003,174.960007,172.0442874285714,2.0990304915126283
2017-12-05,169.059998,171.520004,168.399994,169.639999,27350200,164.35540006,153.066149905,-0.1600040000000149,169.800003,174.970001,171.2828585714286,1.8072981510203645
2017-12-06,167.5,170.199997,166.460007,169.009995,28560000,164.67279997999998,153.225649875,-0.6300039999999854,169.639999,174.089996,170.55714414285714,1.483083380925935
2017-12-07,169.029999,170.440002,168.910004,169.320007,25673300,164.9746002,153.389599915,0.3100120000000004,169.009995,173.070007,170.02142985714286,1.0331438983890986
2017-12-08,170.490005,171.0,168.820007,169.369995,23355200,165.29640012,153.55314987,0.04998799999998482,169.320007,169.479996,170.00571542857142,1.0435361387492863
2017-12-11,169.199997,172.889999,168.789993,172.669998,35273800,165.66740018000002,153.731849895,3.300003000000004,169.369995,171.850006,170.12285714285713,1.2996630766748591
2017-12-12,172.149994,172.389999,171.460007,171.699997,19409200,166.02520016,153.90539985499998,-0.9700009999999963,172.669998,171.050003,170.21571342857143,1.3965528595573387
2017-12-13,172.5,173.539993,172.0,172.270004,23818400,166.38100032,154.06779991,0.5700070000000039,171.699997,169.800003,170.5685707142857,1.5746902383269241
2017-12-14,172.399994,173.130005,171.649994,172.220001,20476500,166.75580041999999,154.23409988,-0.050003000000003794,172.270004,169.639999,170.93714242857143,1.6223417683549881
2017-12-15,173.630005,174.169998,172.460007,173.970001,40169300,167.12740046,154.40504989,1.75,172.220001,169.009995,171.6457147142857,1.7205506867646294
2017-12-18,174.880005,177.199997,174.860001,176.419998,29421100,167.54980035999998,154.5904499,2.449996999999996,173.970001,169.320007,172.65999914285717,2.158132765456591
2017-12-19,175.029999,175.389999,174.089996,174.539993,27436400,167.9238003,154.765549845,-1.8800049999999828,176.419998,169.369995,173.39857028571427,1.6751646939666016
2017-12-20,174.869995,175.419998,173.25,174.350006,23475600,168.29280054,154.942299875,-0.18998700000000213,174.539993,172.669998,173.63857142857142,1.6737318091803102
2017-12-21,174.169998,176.020004,174.100006,175.009995,20949900,168.66200038,155.123949885,0.6599889999999959,174.350006,171.699997,174.11142828571428,1.4925283671286589
2017-12-22,174.679993,175.419998,174.5,175.009995,16349400,169.04220028,155.30329986499999,0.0,175.009995,172.270004,174.5028555714286,1.272131876031688
2017-12-26,170.800003,171.470001,169.679993,170.570007,33185500,169.31380031999998,155.460149915,-4.439988,175.009995,172.220001,174.26714214285715,1.8063251926092028
2017-12-27,170.100006,170.779999,169.710007,170.600006,21498200,169.52820034,155.61819992,0.02999900000000366,170.570007,173.970001,173.78571428571428,2.2845148780709708
2017-12-28,171.0,171.850006,170.479996,171.080002,16480200,169.74040036000002,155.771299895,0.47999599999999987,170.600006,176.419998,173.0228577142857,2.1456089506430103
2017-12-29,170.520004,170.589996,169.220001,169.229996,25999900,169.92980038000002,155.913999865,-1.8500060000000076,171.080002,174.539993,172.2642867142857,2.438507651164363
2018-01-02,170.160004,172.300003,169.259995,172.259995,25555900,170.25540036,156.07534981499998,3.0299990000000037,169.229996,174.350006,171.96571371428573,2.2621409481002046
2018-01-03,172.529999,174.550003,171.960007,172.229996,29517900,170.57500028,156.22919976,-0.02999900000000366,172.259995,175.009995,171.56857100000002,1.8439916054513286
2018-01-04,172.539993,173.470001,172.080002,173.029999,22434600,170.91220029999997,156.395149775,0.8000030000000038,172.229996,175.009995,171.28571442857142,1.2996248187621253
2018-01-05,173.440002,175.369995,173.050003,175.0,23660000,171.27020018,156.563049785,1.9700009999999963,173.029999,170.570007,171.91857057142855,1.8535677272583533
2018-01-08,174.350006,175.610001,173.929993,174.350006,20567800,171.62900021999997,156.730199825,-0.6499939999999924,175.0,170.600006,172.45428485714288,1.948444553144058
2018-01-09,174.550003,175.059998,173.410004,174.330002,21584000,171.96740018,156.89864984,-0.020004000000000133,174.350006,171.080002,172.91857057142855,1.9536013717066365
2018-01-10,173.160004,174.300003,173.0,174.289993,23959900,172.19219998,157.06569978000002,-0.04000899999999774,174.330002,169.229996,173.64142728571431,1.11929399028208
2018-01-11,174.589996,175.490005,174.490005,175.279999,18667700,172.36339994,157.22309976,0.990005999999994,174.289993,172.259995,174.0728564285714,1.0793947830295634
2018-01-12,176.179993,177.360001,175.649994,177.089996,25418100,172.52439999999999,157.387949765,1.8099970000000098,175.279999,172.229996,174.76714214285715,1.246550349875413
2018-01-16,177.899994,179.389999,176.139999,176.190002,29565900,172.71040005999998,157.54924981,-0.8999940000000208,177.089996,173.029999,175.21857114285717,1.0726659567524546
2018-01-17,176.149994,179.25,175.070007,179.100006,34386800,172.93020016,157.72644982,2.910004000000015,176.190002,175.0,175.8042862857143,1.8036999535401197
2018-01-18,179.369995,180.100006,178.25,179.259995,31193400,173.06540006,157.90424981,0.15998899999999594,179.100006,174.350006,176.5057132857143,2.077779016509179
2018-01-19,178.610001,179.580002,177.410004,178.460007,32425100,173.14960019999998,158.072699825,-0.7999880000000132,179.259995,174.330002,177.09571400000002,1.9387208958307478
2018-01-22,177.300003,177.779999,176.600006,177.0,27108600,173.19340024000002,158.237599805,-1.4600069999999903,178.460007,174.289993,177.48285785714285,1.507744482589599
2018-01-23,177.300003,179.440002,176.820007,177.039993,32689100,173.2094,158.40449974999999,0.039993000000009715,177.0,175.279999,177.73428557142861,1.1930906236395433
2018-01-24,177.25,177.300003,173.199997,174.220001,51105100,173.17619992,158.55889977500001,-2.8199920000000134,177.039993,177.089996,177.3242862857143,1.7934688229993752
2018-01-25,174.509995,174.949997,170.529999,171.110001,41529000,173.10499998000003,158.69859979,-3.109999999999985,174.220001,176.190002,176.59857185714284,2.9705020132123727
2018-01-26,172.0,172.0,170.059998,171.509995,39143000,173.05579985999998,158.84799974,0.3999939999999924,171.110001,179.100006,175.51428457142856,3.274904133387144
2018-01-29,170.160004,170.160004,167.070007,167.960007,50640400,172.98820008,158.97879976000002,-3.5499880000000132,171.509995,179.259995,173.90000057142856,3.8545504640649906
2018-01-30,165.529999,167.369995,164.699997,166.970001,46048200,172.94600006000002,159.10839975000002,-0.990005999999994,167.960007,178.460007,172.25857114285714,4.031471136129332
2018-01-31,166.869995,168.440002,166.5,167.429993,32478900,172.8725998,159.236399705,0.45999199999999973,166.970001,177.0,170.8914272857143,3.7697701105886945
2018-02-01,167.169998,168.619995,166.759995,167.779999,47230800,172.8251999,159.369299715,0.3500060000000076,167.429993,177.039993,169.568571,2.735369703403947
2018-02-02,166.0,166.800003,160.100006,160.5,86593800,172.63559998,159.46839975,-7.279999000000004,167.779999,174.220001,167.60857085714287,3.619517912257971
2018-02-05,159.100006,163.880005,156.0,156.490005,72738500,172.3026001,159.538649765,-4.0099950000000035,160.5,171.110001,165.51999999999998,5.154820649969343
2018-02-06,154.830002,163.720001,154.0,163.029999,68243800,172.06399994,159.64244974,6.539994000000007,156.490005,171.509995,164.308572,4.462439838731486
2018-02-07,163.089996,163.399994,159.070007,159.539993,51608600,171.75539978,159.72194971000002,-3.490005999999994,163.029999,167.960007,163.10571285714286,4.448941694060796
2018-02-08,160.289993,161.0,155.029999,155.149994,54390500,171.37659974000002,159.775049685,-4.389999000000017,159.539993,166.970001,161.41714042857143,4.9524454387043715
2018-02-09,157.070007,157.889999,150.240005,156.410004,70672600,171.04339968,159.83869973999998,1.260009999999994,155.149994,167.429993,159.84285628571428,4.448383979444865
2018-02-12,158.5,163.889999,157.509995,162.710007,60819500,170.9079999,159.93329981,6.300003000000004,156.410004,167.779999,159.1185717142857,3.1696193762057203
2018-02-13,161.949997,164.75,161.649994,164.339996,32549200,170.7577997,160.03674981999998,1.6299890000000232,162.710007,160.5,159.66714257142857,3.7311155504720075
2018-02-14,163.039993,167.539993,162.880005,167.369995,40644900,170.68419954,160.140699785,3.0299989999999752,164.339996,156.490005,161.22142685714286,4.39424764908027
2018-02-15,169.789993,173.089996,169.0,172.990005,51147200,170.74799958,160.268099835,5.620010000000008,167.369995,163.029999,162.64428485714285,6.283752839667237
2018-02-16,172.360001,174.820007,171.770004,172.429993,40176100,170.80379946000002,160.39494980999999,-0.5600120000000004,172.990005,159.539993,164.48571342857142,7.06282214766524
2018-02-20,172.050003,174.259995,171.419998,171.850006,33930500,170.86059968,160.521549845,-0.5799869999999885,172.429993,155.149994,166.87142942857145,6.144596571206686
2018-02-21,172.830002,174.119995,171.009995,171.070007,37471600,170.89559967999998,160.632099845,-0.7799990000000037,171.850006,156.410004,168.96571557142858,4.163748163732468
2018-02-22,171.800003,173.949997,171.710007,172.5,30991900,170.95819978,160.72954987,1.429992999999996,171.070007,162.710007,170.364286,3.25796650820705
2018-02-23,173.669998,175.649994,173.539993,175.5,33812400,171.01479981999998,160.83709984499998,3.0,172.5,164.339996,171.95857228571427,2.448718085433594
2018-02-26,176.350006,179.389999,176.210007,178.970001,38162200,171.1601999,160.965649875,3.4700009999999963,175.5,167.369995,173.615716,2.7343352529010003
2018-02-27,179.100006,180.479996,178.160004,178.389999,38928100,171.28259979999999,161.087849885,-0.5800020000000075,178.970001,172.990005,174.3871437142857,3.2428406922413164
2018-02-28,179.259995,180.619995,178.050003,178.119995,37782100,171.40059968000003,161.19794983,-0.27000400000000013,178.389999,172.429993,175.20000114285716,3.3806970173837096
2018-03-01,178.539993,179.779999,172.660004,175.0,48802000,171.42119966,161.294449845,-3.1199949999999887,178.119995,171.850006,175.65000028571427,3.0543606079411716
2018-03-02,172.800003,176.300003,172.449997,176.210007,38454000,171.41699984000002,161.398149875,1.2100069999999903,175.0,171.070007,176.384286,2.2926604920734714
2018-03-05,175.210007,177.740005,174.520004,176.820007,28401400,171.46260012000002,161.53099991000002,0.6100000000000136,176.210007,172.5,177.00142985714282,1.5260986244162056
2018-03-06,177.910004,178.25,176.130005,176.669998,23788500,171.50899996,161.651649935,-0.15000900000001138,176.820007,175.5,177.16857242857145,1.39247148710447
2018-03-07,174.940002,175.850006,174.270004,175.029999,31703500,171.50940004,161.76149994000002,-1.6399989999999889,176.669998,178.970001,176.60571499999998,1.3381923797632134
2018-03-08,175.479996,177.119995,175.070007,176.940002,23774100,171.54800017999997,161.876249925,1.910002999999989,175.029999,178.389999,176.39857257142856,1.108473092234615
2018-03-09,177.960007,180.0,177.389999,179.979996,32185200,171.73619996000002,162.00714989,3.039994000000007,176.940002,178.119995,176.664287,1.670396413605873
2018-03-12,180.289993,182.389999,180.210007,181.720001,32207100,171.95859986,162.149049915,1.7400049999999965,179.979996,175.0,177.62428714285713,2.3480678575853946
2018-03-13,182.589996,183.5,179.240005,179.970001,31693500,172.13639983999997,162.27954994499999,-1.75,181.720001,176.210007,178.16142914285714,2.400106610927922
2018-03-14,180.320007,180.520004,177.809998,178.440002,29368400,172.32059996,162.40369995,-1.5299990000000037,179.970001,176.820007,178.392857,2.326168092338316
2018-03-15,178.5,180.240005,178.070007,178.649994,22743800,172.44839993999997,162.52859993,0.20999199999999973,178.440002,176.669998,178.67571357142856,2.198642360858317
2018-03-16,178.649994,179.119995,177.619995,178.020004,39404700,172.5642001,162.65489997499998,-0.6299899999999923,178.649994,175.029999,179.10285714285715,1.5740461808776052
2018-03-19,177.320007,177.470001,173.660004,175.300003,33446800,172.60960018000003,162.765500025,-2.7200009999999963,178.020004,176.940002,178.8685715714286,2.0110220219752435
2018-03-20,175.240005,176.800003,174.940002,175.240005,19649400,172.61440028,162.864450065,-0.05999800000000732,175.300003,179.979996,178.19143,2.3447403404847975
2018-03-21,175.039993,175.089996,171.259995,171.270004,37054900,172.55280024,162.95115012,-3.9700009999999963,175.240005,181.720001,176.69857328571428,2.9676539547678393
2018-03-22,170.0,172.679993,168.600006,168.850006,41490800,172.44320032,163.023150165,-2.4199979999999925,171.270004,179.970001,175.11000257142857,3.78758257819932
2018-03-23,168.389999,169.919998,164.940002,164.940002,41028800,172.25620049999998,163.0710002,-3.910004000000015,168.850006,178.440002,173.18143114285718,5.039493887665785
2018-03-26,168.070007,173.100006,166.440002,172.770004,37541200,172.2060006,163.15990019499998,7.8300020000000075,164.940002,178.649994,172.34143257142858,4.429144033826116
2018-03-27,173.679993,175.149994,166.919998,168.339996,40922600,172.0310006,163.256700195,-4.430007999999987,172.770004,178.020004,170.9585742857143,3.831517174076473
2018-03-28,167.25,170.020004,165.190002,166.479996,41668500,171.83680048000002,163.362000185,-1.8600000000000136,168.339996,175.300003,169.69857328571428,3.609699564402682
2018-03-29,167.809998,171.75,166.899994,167.779999,38398500,171.61040034,163.46795020000002,1.3000030000000038,166.479996,175.240005,168.63285814285717,2.6833687210046673
2018-04-02,166.639999,168.940002,164.470001,166.679993,37586800,171.3588003,163.575550145,-1.1000060000000076,167.779999,171.270004,167.97714228571428,2.485028744111947
2018-04-03,167.639999,168.75,164.880005,168.389999,30278000,171.15740014,163.696050175,1.7100059999999928,166.679993,168.850006,167.911427,2.4640933851944378
2018-04-04,164.880005,172.009995,164.770004,171.610001,34605500,171.04960016,163.84275016,3.2200020000000222,168.389999,164.940002,168.864284,2.4126425737306314
2018-04-05,172.580002,174.229996,172.080002,172.800003,26933200,170.96480036,163.975050195,1.1900019999999927,171.610001,172.770004,168.8685695714286,2.4207496048803137
2018-04-06,170.970001,172.479996,168.199997,168.380005,35005300,170.84800044,164.091900245,-4.4199979999999925,172.800003,168.339996,168.87428514285716,2.4193404246789503
2018-04-09,169.880005,173.089996,169.850006,170.050003,29017700,170.82680047999997,164.21280028500001,1.6699979999999925,168.380005,166.479996,169.38428614285712,2.1965212413765474
2018-04-10,173.0,174.0,171.529999,173.25,28408600,170.86160058000002,164.35090026,3.199996999999996,170.050003,167.779999,170.16571485714286,2.484747603644782
2018-04-11,172.229996,173.919998,171.699997,172.440002,22431600,170.95120047999998,164.481700275,-0.8099980000000073,173.25,166.679993,170.9885732857143,2.054518480139905
2018-04-12,173.410004,175.0,173.039993,174.139999,22889300,171.09460044,164.623300235,1.6999969999999962,172.440002,168.389999,171.81000185714288,1.990894210314901
2018-04-13,174.779999,175.839996,173.850006,174.729996,25124300,171.2406005,164.778300235,0.589997000000011,174.139999,171.610001,172.25571542857142,2.2685421117671827
2018-04-16,175.029999,176.190002,174.830002,175.820007,21578400,171.40140066,164.92825026000003,1.090011000000004,174.729996,172.800003,172.68714457142855,2.6452065951379558
2018-04-17,176.490005,178.940002,176.410004,178.240005,26605400,171.75620075999998,165.10105031999998,2.4199979999999925,175.820007,168.380005,174.095716,2.5941280150719477
2018-04-18,177.809998,178.820007,176.880005,177.839996,20754500,172.18320058,165.27015028000002,-0.40000899999998296,178.240005,170.050003,175.20857214285712,2.2120766423075953
2018-04-19,173.759995,175.389999,172.660004,172.800003,34808800,172.37860065999996,165.416650295,-5.03999300000001,177.839996,173.25,175.14428685714284,2.2838553194138225
2018-04-20,170.600006,171.220001,165.429993,165.720001,65491100,172.50220081999998,165.52480032,-7.0800020000000075,172.800003,172.440002,174.1842867142857,4.210082662067663
2018-04-23,166.830002,166.919998,164.089996,165.240005,36515500,172.70400104,165.63735036500003,-0.47999599999999987,165.720001,174.139999,172.912859,5.401100058984049
2018-04-24,165.669998,166.330002,161.220001,162.940002,33692000,172.834601,165.73115040999997,-2.300003000000004,165.240005,174.729996,171.22857414285718,6.472112903174335
2018-04-25,162.619995,165.419998,162.410004,163.649994,28382100,172.85340073999998,165.82410039,0.7099919999999997,162.940002,175.820007,169.49000085714286,6.664891026866962
2018-04-26,164.119995,165.729996,163.369995,164.220001,27963000,172.85100084,165.9175504,0.5700070000000039,163.649994,178.240005,167.48714314285715,5.622201336792906
2018-04-27,164.0,164.330002,160.630005,162.320007,35655800,172.75000107999998,166.00045041,-1.8999939999999924,164.220001,177.839996,165.27000185714286,3.5299341943829834
2018-04-30,162.130005,167.259995,161.839996,165.259995,42427400,172.59540087999997,166.087900365,2.9399879999999996,162.320007,172.800003,164.19285785714285,1.2871234756003749
2018-05-01,166.410004,169.199997,165.270004,169.100006,53569400,172.52880113999998,166.18820043,3.840011000000004,165.259995,165.720001,164.6757157142857,2.23815384466714
2018-05-02,175.229996,177.75,173.800003,176.570007,66539400,172.62320115999998,166.323250475,7.470000999999996,169.100006,165.240005,166.2942874285714,5.047661468869217
2018-05-03,175.880005,177.5,174.440002,176.889999,34068200,172.739601,166.45730046,0.31999199999998496,176.570007,162.940002,168.28714414285716,6.138550936617856
2018-05-04,178.25,184.25,178.169998,183.830002,56201300,172.96620104000002,166.62135045,6.940003000000019,176.889999,163.649994,171.17000242857145,8.041475934802946
2018-05-07,185.179993,187.669998,184.75,185.160004,42451400,173.15940112,166.79545049,1.330001999999979,183.830002,164.220001,174.16143142857143,8.876646355627427
2018-05-08,184.990005,186.220001,183.669998,186.050003,28402800,173.30100115999997,166.974350485,0.8899990000000173,185.160004,162.320007,177.55143085714286,8.097769567074868
2018-05-09,186.550003,187.399994,185.220001,187.360001,23211200,173.48040120000002,167.15070050999998,1.3099980000000073,186.050003,165.259995,180.70857457142856,6.693267631946667
2018-05-10,187.740005,190.369995,187.649994,190.039993,27989300,173.71880116,167.33720044999998,2.6799919999999986,187.360001,169.100006,183.7000012857143,5.139310243280508
2018-05-11,189.490005,190.059998,187.449997,188.589996,26212200,173.99060107999998,167.512850395,-1.4499969999999962,190.039993,176.570007,185.41714257142857,4.299423780884785
2018-05-14,189.009995,189.529999,187.860001,188.149994,20778800,174.22940082000002,167.700800375,-0.4400020000000211,188.589996,176.889999,187.02571328571432,2.1429757475963256
2018-05-15,186.779999,187.070007,185.100006,186.440002,23695200,174.42180072,167.885500385,-1.7099919999999997,188.149994,183.830002,187.39857042857142,1.6689018482439146
2018-05-16,186.070007,188.460007,186.0,188.179993,19183100,174.65200062,168.08275036999999,1.7399910000000034,186.440002,185.160004,187.82999742857143,1.3544948049698007
2018-05-17,188.0,188.910004,186.360001,186.990005,17294000,174.89120074,168.26745038,-1.1899879999999996,188.179993,186.050003,187.96428342857143,1.1845473865490774
2018-05-18,187.190002,187.809998,186.130005,186.309998,18297700,175.07860066,168.413300375,-0.6800069999999891,186.990005,187.360001,187.814283,1.3312223199991353
2018-05-21,188.0,189.270004,186.910004,187.630005,18400800,175.23160084,168.57360036500003,1.320007000000004,186.309998,190.039993,187.46999899999997,0.9021613178153596
2018-05-22,188.380005,188.880005,186.779999,187.160004,15240700,175.34040090000002,168.72745039,-0.47000100000002476,187.630005,188.589996,187.26571442857144,0.7564113274009732
2018-05-23,186.350006,188.5,185.759995,188.360001,20058400,175.50820090000002,168.875200405,1.1999970000000246,187.160004,188.149994,187.29571542857144,0.8002250618085689
2018-05-24,188.770004,188.839996,186.210007,188.149994,23234000,175.70240073999997,169.01555036500002,-0.2100070000000187,188.360001,186.440002,187.54,0.7552022510756474
2018-05-25,188.229996,189.649994,187.649994,188.580002,17461000,175.90100089999999,169.15315038499998,0.43000800000001504,188.149994,188.179993,187.59714414285716,0.8237250338850383
2018-05-29,187.600006,188.75,186.869995,187.899994,22514100,176.0986007,169.31605032000004,-0.680008000000015,188.580002,186.990005,187.72714257142857,0.7827239345025343
2018-05-30,187.720001,188.0,186.779999,187.5,18690500,176.34260063999997,169.46615034,-0.3999939999999924,187.899994,186.309998,187.89714285714285,0.5028145578117484
2018-05-31,187.220001,188.229996,186.139999,186.869995,27482800,176.57520044,169.601250285,-0.6300050000000113,187.5,187.630005,187.78857,0.6348344279995783
2018-06-01,187.990005,190.259995,187.75,190.240005,23442500,176.95460046,169.74445028,3.3700100000000077,186.869995,187.160004,188.22857014285714,1.0549349086327333
2018-06-04,191.639999,193.419998,191.350006,191.830002,26266200,177.41420038,169.89885030499997,1.589997000000011,190.240005,188.360001,188.72428457142857,1.7277265291556996
2018-06-05,193.070007,193.940002,192.360001,193.309998,21566000,177.9816003,170.07610029000003,1.4799959999999999,191.830002,188.149994,189.461428,2.4085102140064127
2018-06-06,193.630005,194.080002,191.919998,193.979996,20933600,178.40580014,170.25850027,0.6699979999999925,193.309998,188.580002,190.2328557142857,2.894833577669406
2018-06-07,194.139999,194.199997,192.339996,193.460007,21347200,178.90820036000002,170.43975027,-0.5199890000000096,193.979996,187.899994,191.02714328571432,2.910795454695111
2018-06-08,191.169998,192.0,189.770004,191.699997,26656800,179.41260038000001,170.59935026000002,-1.760009999999994,193.460007,187.5,191.62714285714287,2.4606359962860522
2018-06-11,191.350006,191.970001,190.210007,191.229996,18308500,179.88160032,170.75560026,-0.47000099999999634,191.699997,186.869995,192.25000014285715,1.3625948615394443
2018-06-12,191.389999,192.610001,191.149994,192.279999,16911100,180.39360044,170.92065023500004,1.0500030000000038,191.229996,190.240005,192.54142785714285,1.0413370578817818
2018-06-13,192.419998,192.880005,190.440002,190.699997,21638400,180.83980040000003,171.074850215,-1.5800020000000075,192.279999,191.830002,192.3799985714286,1.2388584907169937
2018-06-14,191.550003,191.570007,190.220001,190.800003,21610100,181.22360044,171.22150022500003,0.10000600000000759,190.699997,193.309998,192.02142785714287,1.2871220175722238
2018-06-15,190.029999,190.160004,188.259995,188.839996,61719200,181.54440029999998,171.351150185,-1.9600069999999903,190.800003,193.979996,191.28714214285716,1.4405664076276865
2018-06-18,187.880005,189.220001,187.199997,188.740005,18484900,181.9516003,171.47810018,-0.09999100000001704,188.839996,193.460007,190.61285614285717,1.3561787073276519
2018-06-19,185.139999,186.330002,183.449997,185.690002,33578500,182.26440028000002,171.58655019000003,-3.050003000000004,188.740005,191.699997,189.75428542857142,2.195751051683792
2018-06-20,186.350006,187.199997,185.729996,186.5,20628700,182.52940028,171.698800175,0.8099980000000073,185.690002,191.229996,189.07857171428572,2.38552806453448
2018-06-21,187.25,188.350006,184.940002,185.460007,25711900,182.78980038,171.81570020000004,-1.0399930000000097,186.5,192.279999,188.10428714285715,2.2488784546590104
2018-06-22,186.119995,186.149994,184.699997,184.919998,27200400,183.00540035999998,171.93075016999998,-0.5400089999999977,185.460007,190.699997,187.27857300000002,2.1975018614259314
2018-06-25,183.399994,184.919998,180.729996,182.169998,31663100,183.1542004,172.03530018499998,-2.75,184.919998,190.800003,186.04571514285712,2.3105405716740064
2018-06-26,182.990005,186.529999,182.539993,184.429993,24569200,183.32640012,172.164300125,2.2599950000000035,182.169998,188.839996,185.4157147142857,2.002325113230009
2018-06-27,185.229996,187.279999,184.029999,184.160004,25285300,183.44480009999998,172.277600145,-0.2699890000000096,184.429993,188.740005,184.76142885714285,1.3895508128350815
2018-06-28,184.100006,186.210007,183.800003,185.5,17365200,183.59800017999999,172.40080014,1.3399960000000135,184.160004,185.690002,184.7342857142857,1.3701089232064896
2018-06-29,186.289993,187.190002,182.910004,185.110001,22737700,183.84420014000003,172.528100175,-0.3899989999999889,185.5,186.5,184.53571442857142,1.1554646913162745
2018-07-02,183.820007,187.300003,183.419998,187.179993,17731300,184.27339998,172.672600145,2.069991999999985,185.110001,185.460007,184.78142671428571,1.5124958750100486
2018-07-03,187.789993,187.949997,183.539993,183.919998,13954800,184.64699983999998,172.79280011,-3.2599950000000035,187.179993,184.919998,184.63856957142858,1.544121266678244
2018-07-05,185.259995,186.410004,184.279999,185.399994,16604200,185.09619967999998,172.92645009000003,1.4799959999999999,183.919998,182.169998,185.09999757142856,1.1031299319150993
2018-07-06,185.419998,188.429993,185.199997,187.970001,17485200,185.58259982000004,173.072650115,2.570007000000004,185.399994,184.429993,185.60571299999998,1.488799895415459
2018-07-09,189.5,190.679993,189.300003,190.580002,19756600,186.10979983999997,173.24520009,2.610001000000011,187.970001,184.160004,186.52285557142858,2.2384732088372274
2018-07-10,190.710007,191.279999,190.179993,190.350006,15939100,186.67039982000003,173.430000125,-0.22999599999999987,190.580002,185.5,187.21571357142858,2.591815813474508
2018-07-11,188.5,189.779999,187.610001,187.880005,18831500,187.12280002,173.609950155,-2.4700009999999963,190.350006,185.110001,187.61142842857143,2.422676935310638
2018-07-12,189.529999,191.410004,189.309998,191.029999,18041100,187.56139987999998,173.81235013499997,3.1499939999999924,187.880005,187.179993,188.1614292857143,2.7263884175506123
2018-07-13,191.080002,191.839996,190.899994,191.330002,12513900,187.85659978,174.00330015,0.3000030000000038,191.029999,183.919998,189.2200012857143,2.19109005444478
2018-07-16,191.520004,192.649994,190.419998,190.910004,15043100,188.13699988,174.18670018999998,-0.41999800000002097,191.330002,185.399994,190.00714557142854,1.4566934238071676
2018-07-17,189.75,191.869995,189.199997,191.449997,15534500,188.28939978,174.37755018,0.5399930000000097,190.910004,187.970001,190.50428785714286,1.2202146983279467
2018-07-18,191.779999,191.800003,189.929993,190.399994,16393400,188.39419958000002,174.55895017499998,-1.0500030000000038,191.449997,190.580002,190.47857242857143,1.2202499098160267
2018-07-19,189.690002,192.550003,189.690002,191.880005,20286800,188.51079962,174.74930021,1.4800110000000188,190.399994,190.350006,190.6971437142857,1.325841187798068
2018-07-20,191.779999,192.429993,190.169998,191.440002,20676200,188.59239964,174.93410024000002,-0.4400030000000186,191.880005,187.880005,191.2057147142857,0.4747254986503259
2018-07-23,190.679993,191.960007,189.559998,191.610001,15989400,188.62379979999997,175.12475026499996,0.16999900000001844,191.440002,191.029999,191.28857214285713,0.4893362355777713
2018-07-24,192.449997,193.660004,192.050003,193.0,18697900,188.71199988,175.31280026999997,1.3899989999999889,191.610001,191.330002,191.5271432857143,0.8129734778792025
2018-07-25,193.059998,194.850006,192.429993,194.820007,16709900,188.84540014,175.51040029,1.820007000000004,193.0,190.910004,192.08571514285714,1.4284973550410447
2018-07-26,194.610001,195.960007,193.610001,194.210007,19076000,189.00080024,175.70225034499998,-0.6100000000000136,194.820007,191.449997,192.48000228571428,1.5949853729823307
2018-07-27,194.990005,195.190002,190.100006,190.979996,24024000,189.0568003,175.87765035500001,-3.2300109999999904,194.210007,190.399994,192.5628597142857,1.4798308999354048
2018-07-30,191.899994,192.199997,189.070007,189.910004,21029500,189.11520027999998,176.04445036,-1.0699920000000134,190.979996,191.880005,192.28143100000003,1.7868191004242433
2018-07-31,190.300003,192.139999,189.339996,190.289993,39373000,189.19480018,176.215900325,0.3799890000000232,189.910004,191.440002,192.11714400000002,1.9246309604295901
2018-08-01,199.130005,201.759995,197.309998,201.5,67935700,189.47220008,176.4384503,11.21000699999999,190.289993,191.610001,193.53000100000003,4.000684616000405
2018-08-02,200.580002,208.380005,200.350006,207.389999,62404000,189.87679998,176.67600027,5.889998999999989,201.5,193.0,195.58571514285717,6.560866093997855
2018-08-03,207.029999,208.740005,205.479996,207.990005,33447400,190.26940006,176.91360029,0.6000060000000076,207.389999,194.820007,197.46714342857143,8.028817623205898
2018-08-06,208.0,209.25,207.070007,209.070007,25425400,190.68780032000004,177.16015035,1.0800020000000075,207.990005,194.210007,199.5900005714286,8.93721920547453
2018-08-07,209.320007,209.5,206.759995,207.110001,25587400,191.0584003,177.415800375,-1.9600059999999928,209.070007,190.979996,201.89428700000002,8.411236520984186
2018-08-08,206.050003,207.809998,204.520004,207.25,22525500,191.44540042,177.670800375,0.13999899999998888,207.110001,189.910004,204.3714292857143,6.665838085094778
2018-08-09,209.529999,209.779999,207.199997,208.880005,23492600,191.87300052000003,177.93435041,1.6300050000000113,207.25,190.289993,207.02714528571428,2.5583523035485696
2018-08-10,207.360001,209.100006,206.669998,207.529999,24611200,192.2862006,178.186500375,-1.3500060000000076,208.880005,201.5,207.8885737142857,0.7937372928281275
2018-08-13,209.309998,210.949997,207.699997,208.869995,25890900,192.6588004,178.44880032999998,1.339995999999985,207.529999,207.389999,208.10000171428575,0.8348464669424214
2018-08-14,210.160004,210.559998,208.259995,209.75,20748000,193.01720035999998,178.71050031,0.8800050000000113,208.869995,207.990005,208.35142957142858,1.0367975561372142
2018-08-15,209.220001,210.740005,208.330002,210.240005,28807600,193.35580050000002,178.94645032,0.49000499999999647,209.75,209.070007,208.51857214285715,1.2452912770873
2018-08-16,211.75,213.809998,211.470001,213.320007,28500400,193.74260072,179.17945035,3.0800020000000075,210.240005,207.110001,209.40571585714287,2.035724212782822
2018-08-17,213.440002,217.949997,213.160004,217.580002,35427000,194.22500062,179.42215039500002,4.2599950000000035,213.320007,207.25,210.8814304285714,3.4591122906835907
2018-08-20,218.100006,219.179993,215.110001,215.460007,30287700,194.70020082,179.665000435,-2.119995000000017,217.580002,208.880005,211.82143071428573,3.7095642815038397
2018-08-21,216.800003,217.190002,214.029999,215.039993,26159800,195.17640076,179.89965039500004,-0.42001399999998057,215.460007,207.529999,212.894287,3.327932684408521
2018-08-22,214.100006,216.360001,213.839996,215.050003,19018100,195.63180083999998,180.11240041000002,0.01000999999999408,215.039993,208.869995,213.7771452857143,2.8707411881063503
2018-08-23,214.649994,217.050003,214.600006,215.490005,18883200,196.127601,180.318600435,0.4400019999999927,215.050003,209.75,214.597146,2.289691058604234
2018-08-24,216.600006,216.899994,215.110001,216.160004,18476400,196.63480101999997,180.52535046499997,0.66999899999999,215.490005,210.240005,215.44286014285714,1.284998794902085
2018-08-27,217.149994,218.740005,216.330002,217.940002,20525100,197.21680114000003,180.73385044999998,1.7799980000000062,216.160004,213.320007,216.10285942857143,1.1963381633101682
2018-08-28,219.009995,220.539993,218.919998,219.699997,22776800,197.83600098000002,180.95295041,1.7599950000000035,217.940002,217.580002,216.40571585714287,1.7655378983528995
2018-08-29,220.149994,223.490005,219.410004,222.979996,27254800,198.58180086000002,181.1945004,3.2799990000000037,219.699997,215.460007,217.48,2.970716345716776
2018-08-30,223.25,228.259995,222.399994,225.029999,48793800,199.35240084,181.44980039,2.050003000000004,222.979996,215.039993,218.90714371428572,3.8674412322971605
2018-08-31,226.509995,228.869995,226.0,227.630005,43340100,200.1958008,181.731250435,2.6000060000000076,225.029999,215.050003,220.70428685714288,4.62502829361115
2018-09-04,228.410004,229.179993,226.630005,228.360001,27390100,201.06460086000004,182.02765043000002,0.7299959999999999,227.630005,215.490005,222.54285771428573,4.762774829769162
2018-09-05,228.990005,229.669998,225.100006,226.869995,33333000,201.9586008,182.30650037499998,-1.4900060000000224,228.360001,216.160004,224.07285642857144,4.035285358888029
2018-09-06,226.229996,227.350006,221.300003,223.100006,34290000,202.73200106000002,182.571250435,-3.769988999999981,226.869995,217.940002,224.80999985714286,3.0884742468372024
2018-09-07,221.850006,225.369995,220.710007,221.300003,37619800,203.47480104000002,182.82785047000002,-1.8000030000000038,223.100006,219.699997,225.03857214285716,2.6793740173415
2018-09-10,220.949997,221.850006,216.470001,218.330002,39516500,204.13140108,183.05380048499998,-2.9700009999999963,221.300003,222.979996,224.37428728571427,3.6686175364959728
2018-09-11,218.009995,224.300003,216.559998,223.850006,35749000,204.90620117999998,183.29825047999998,5.520004,218.330002,225.029999,224.20571685714285,3.6605675530599426
2018-09-12,224.940002,225.0,219.839996,221.070007,49278700,205.58400146,183.52875050999998,-2.7799990000000037,223.850006,227.630005,223.2685742857143,3.472698338268408
2018-09-13,223.520004,228.350006,222.570007,226.410004,41706400,206.43380158,183.79035054999997,5.339996999999983,221.070007,228.360001,222.99000328571427,3.0485117828278088
2018-09-14,225.75,226.839996,222.520004,223.839996,31999300,207.20260162000002,184.044200495,-2.570007999999973,226.410004,226.869995,222.55714628571428,2.585766816455959
2018-09-17,222.149994,222.949997,217.270004,217.880005,37195100,207.80080169999997,184.28620053999998,-5.959991000000002,223.839996,223.100006,221.81143185714288,3.1039078607670163
2018-09-18,217.789993,221.850006,217.119995,218.240005,31571700,208.35400176,184.518150535,0.3599999999999852,217.880005,221.300003,221.37428928571427,3.390214815575918
2018-09-19,218.5,219.619995,215.300003,218.369995,27123800,208.91440154,184.754750495,0.12998999999999228,218.240005,218.330002,221.38000257142858,3.38425790881549
2018-09-20,220.240005,222.279999,219.149994,220.029999,26608800,209.55740142000002,185.00590047499998,1.660004000000015,218.369995,223.850006,220.83428728571428,3.2237702062067766
2018-09-21,220.779999,221.360001,217.289993,217.660004,96246700,210.09000152000002,185.2460005,-2.369995000000017,220.029999,221.070007,220.347144,3.4330626895699545
2018-09-24,216.820007,221.259995,216.630005,220.789993,27693400,210.67920134,185.50490049,3.1299890000000232,217.660004,226.410004,219.5442852857143,2.2226592794282256
2018-09-25,219.75,222.820007,219.699997,222.190002,24554400,211.3048013,185.769250465,1.400008999999983,220.789993,223.839996,219.30857185714285,1.7223552809611602
2018-09-26,221.0,223.75,219.759995,220.419998,23984700,211.88420132000002,186.02450048,-1.7700040000000001,222.190002,217.880005,219.67142799999996,1.6366560942953876
2018-09-27,223.820007,226.440002,223.539993,224.949997,30181200,212.57520138,186.28590047499998,4.529999000000004,220.419998,218.240005,220.6299982857143,2.4308496100547767
2018-09-28,224.789993,225.839996,224.020004,225.740005,22929400,213.25240138,186.556100515,0.7900080000000003,224.949997,218.369995,221.68285685714287,2.8489516940100534
2018-10-01,227.949997,229.419998,226.350006,227.259995,23600800,213.96880124,186.83105046999998,1.519990000000007,225.740005,220.029999,222.71571342857143,3.4059784795124557
2018-10-02,227.25,230.0,226.630005,229.279999,24788200,214.72220120000003,187.11635046000004,2.020004,227.259995,217.660004,224.37571271428573,3.362652728985818
2018-10-03,230.050003,233.470001,229.779999,232.070007,28654800,215.50360134,187.40685049,2.7900080000000003,229.279999,220.789993,225.98714328571427,4.000258731935504
2018-10-04,230.779999,232.350006,226.729996,227.990005,32042000,216.1670013,187.66470052499997,-4.0800020000000075,232.070007,222.190002,226.81571514285716,3.669692843193016
2018-10-05,227.960007,228.410004,220.580002,224.289993,33580500,216.76860101999998,187.913450525,-3.7000119999999868,227.990005,220.419998,227.3685715714286,2.7121454096184707
2018-10-08,222.210007,224.800003,220.199997,223.770004,29663900,217.42440118,188.16055051499998,-0.5199890000000096,224.289993,224.949997,227.20000114285713,2.916495328881958
2018-10-09,223.639999,227.270004,222.25,226.869995,26891000,218.16360100000003,188.419850515,3.0999909999999886,223.770004,225.740005,227.36142828571428,2.85279320083408
2018-10-10,225.460007,226.350006,216.050003,216.360001,41990600,218.68500115999998,188.626600545,-10.509993999999978,226.869995,227.259995,225.80428628571426,5.047752791005194
2018-10-11,214.520004,219.5,212.320007,214.449997,53124400,218.94400110000004,188.846000495,-1.910004000000015,216.360001,229.279999,223.68571457142858,6.302112516001207
2018-10-12,220.419998,222.880005,216.839996,222.110001,40337900,219.23840113999998,189.10355047000002,7.660004000000015,214.449997,232.070007,222.26285657142859,5.104157986391502
2018-10-15,221.160004,221.830002,217.270004,217.360001,30791000,219.42580106000003,189.334950465,-4.75,222.110001,227.990005,220.74428457142858,4.67992004378585
2018-10-16,218.929993,222.990005,216.759995,222.149994,29184000,219.6874008,189.59955045499999,4.789992999999981,217.360001,224.289993,220.43857042857144,4.4751099143764455
2018-10-17,222.300003,222.639999,219.339996,221.190002,22885400,219.96900082,189.84420049,-0.9599919999999997,222.149994,223.770004,220.06999871428573,4.255877043967134
2018-10-18,217.860001,219.740005,213.0,216.020004,32581300,220.1444009,190.06315053000003,-5.1699979999999925,221.190002,226.869995,218.52,3.2150679640352875
2018-10-19,218.059998,221.259995,217.429993,219.309998,33078700,220.35300076,190.29455052499998,3.289994000000007,216.020004,216.360001,218.94142814285715,3.0750409613276273
2018-10-22,219.789993,223.360001,218.940002,220.649994,28792100,220.61540065999998,190.52280049499998,1.339995999999985,219.309998,214.449997,219.827142,2.380128911182564
2018-10-23,215.830002,223.25,214.699997,222.729996,38767800,220.89260068,190.76470044500002,2.0800020000000075,220.649994,222.110001,219.91571271428575,2.488315512366893
2018-10-24,222.600006,224.229996,214.539993,215.089996,40925500,220.9994006,190.96850041500002,-7.639999999999986,222.729996,217.360001,219.5914262857143,2.9768560641562485
2018-10-25,217.710007,221.380005,216.75,219.800003,29855800,221.19060056,191.196050465,4.71000699999999,215.089996,222.149994,219.2557132857143,2.7652108156159265
2018-10-26,215.899994,220.190002,212.669998,216.300003,47258400,221.25020048000002,191.401150485,-3.5,219.800003,221.190002,218.55714199999997,2.8123857814758693
2018-10-29,219.190002,219.690002,206.089996,212.240005,45935500,221.14340054000002,191.57690053000002,-4.059998000000007,216.300003,216.020004,218.01714214285715,3.625948943123002
2018-10-30,211.149994,215.179993,209.270004,213.300003,36660000,221.10020046000002,191.762450535,1.0599980000000073,212.240005,219.309998,217.15857142857143,3.9645292733297044
2018-10-31,216.880005,220.449997,216.619995,218.860001,38358900,221.17660062,191.96125050999999,5.559998000000007,213.300003,220.649994,216.90285814285716,3.7539326085529603
2018-11-01,219.050003,222.360001,216.809998,222.220001,58323200,221.32000057999997,192.17605054,3.359999999999985,218.860001,222.729996,216.83000171428574,3.6247155364288424
2018-11-02,209.550003,213.649994,205.429993,207.479996,91328700,221.1598004,192.32115048500003,-14.740004999999996,222.220001,215.089996,215.74285885714286,5.081882953996808
2018-11-05,204.300003,204.389999,198.169998,201.589996,66163700,220.86840024,192.44410046500002,-5.889999999999986,207.479996,219.800003,213.14142928571428,6.9692690183426445
2018-11-06,201.919998,204.720001,201.690002,203.770004,31882900,220.58500027999997,192.57775051999997,2.1800079999999866,201.589996,216.300003,211.35142942857144,7.603097959136198
2018-11-07,205.970001,210.059998,204.130005,209.949997,33424400,220.39000027999998,192.7564005,6.179992999999996,203.770004,212.240005,211.02428542857143,7.607757832040977
2018-11-08,209.979996,210.119995,206.75,208.490005,25362600,220.10020045999997,192.94330052,-1.4599919999999997,209.949997,213.300003,210.33714285714285,7.585143459611554
2018-11-09,205.550003,206.009995,202.25,204.470001,34365800,219.68900049999996,193.10810055000002,-4.020004,208.490005,218.860001,208.28142857142853,6.799619130197203
2018-11-12,199.0,199.850006,193.789993,194.169998,51135500,219.01980036,193.239150505,-10.300003000000004,204.470001,222.220001,204.27428528571429,5.320670573878979
2018-11-13,191.630005,197.179993,191.449997,192.229996,46882900,218.29720025999998,193.36545048,-1.9400019999999927,194.169998,207.479996,202.09571385714284,6.7258496497098585
2018-11-14,193.899994,194.479996,185.929993,186.800003,60801000,217.49580042000002,193.46230053,-5.429992999999996,192.229996,201.589996,199.98285771428573,8.88703375311869
2018-11-15,188.389999,191.970001,186.899994,191.410004,46478800,216.86200037999998,193.58045055500003,4.610000999999983,186.800003,203.770004,198.21714342857143,9.23041466042319
2018-11-16,190.5,194.970001,189.460007,193.529999,36928300,216.30660029999999,193.74560055,2.119995000000017,191.410004,209.949997,195.87142942857142,7.713583036838913
2018-11-19,190.0,190.699997,184.990005,185.860001,41925300,215.65720027999998,193.89245053000002,-7.6699979999999925,193.529999,208.490005,192.63857171428572,6.1215037139589334
2018-11-20,178.369995,181.470001,175.509995,176.979996,67825200,214.71980008,193.962200515,-8.880005000000011,185.860001,204.470001,188.71142814285713,6.083966967406122
2018-11-21,179.729996,180.270004,176.550003,176.779999,31124200,213.83399992,194.048400545,-0.1999969999999962,176.979996,194.169998,186.22714257142857,6.969567385734664
2018-11-23,174.940002,176.600006,172.100006,172.289993,23624000,212.7515997,194.13410054,-4.490005999999994,176.779999,192.229996,183.3785707142857,8.091750683876374
2018-11-26,174.240005,174.949997,170.259995,174.619995,44998500,211.76719967999998,194.225150495,2.330001999999979,172.289993,186.800003,181.63856957142858,8.531039371975869
2018-11-27,171.509995,174.770004,170.880005,174.240005,41387400,210.89439968000002,194.282800485,-0.3799899999999923,174.619995,191.410004,179.1857125714286,7.679128328200087
2018-11-28,176.729996,181.289993,174.929993,180.940002,46062500,210.14839962000002,194.36580051499996,6.699996999999996,174.240005,193.529999,177.38714157142857,4.627617206255577
2018-11-29,182.660004,182.800003,177.699997,179.550003,41770000,209.37199978,194.426700555,-1.3899989999999889,180.940002,185.860001,176.4857132857143,3.046573431158967
2018-11-30,180.289993,180.330002,177.029999,178.580002,39531500,208.54299983999996,194.45465054,-0.9700009999999963,179.550003,176.979996,176.71428557142855,3.148165360365448
2018-12-03,184.460007,184.940002,181.210007,184.820007,40802500,207.88619989999998,194.51660060999998,6.2400049999999965,178.580002,176.779999,177.8628581428571,4.395633055986264
2018-12-04,180.949997,182.389999,176.270004,176.690002,41344300,207.00420008,194.54080059,-8.130005000000011,184.820007,172.289993,178.49143085714286,3.7301157222582986
2018-12-06,171.759995,174.779999,170.419998,174.720001,43098400,206.05480006000002,194.55905056,-1.9700009999999963,176.690002,174.619995,178.50571742857142,3.7129686828095307
2018-12-07,173.490005,174.490005,168.300003,168.490005,42281600,205.0162002,194.539000585,-6.229996,174.720001,174.240005,177.6842888571429,5.165781600751881
2018-12-10,165.0,170.089996,163.330002,169.600006,62026000,203.90920038000002,194.509500615,1.1100010000000111,168.490005,180.940002,176.0642894285714,5.7227174705395605
2018-12-11,171.660004,171.789993,167.0,168.630005,47281700,202.76700037999998,194.457800635,-0.9700009999999963,169.600006,179.550003,174.50428971428573,6.090705536424104
2018-12-12,170.399994,171.919998,169.020004,169.100006,35627700,201.6038006,194.41135067000002,0.47000099999999634,168.630005,178.580002,173.15000457142858,6.087369405580489
2018-12-13,170.490005,172.570007,169.550003,170.949997,31898600,200.43720055999998,194.37550068000002,1.8499909999999886,169.100006,184.820007,171.16857457142856,3.253332148150994
2018-12-14,169.0,169.080002,165.279999,165.479996,40703700,199.10540034000002,194.32790066,-5.470000999999996,170.949997,176.690002,169.56714514285713,2.8114869200188997
2018-12-17,165.449997,168.350006,162.729996,163.940002,44287900,197.82440027999996,194.26655063500002,-1.5399940000000072,165.479996,174.720001,168.02714528571428,2.447392209214115
2018-12-18,165.380005,167.529999,164.389999,166.070007,33841500,196.66000056000001,194.21280063499998,2.1300050000000113,163.940002,168.490005,167.6814312857143,2.540272154712907
2018-12-19,166.0,167.449997,159.089996,160.889999,49047300,195.40240046000002,194.13390063999998,-5.180008000000015,166.070007,169.600006,166.43714457142855,3.4235160601776227
2018-12-20,160.399994,162.110001,155.300003,156.830002,64773000,194.0016006,194.042900655,-4.059996999999981,160.889999,168.630005,164.75142985714288,4.794439246470915
2018-12-21,156.860001,158.160004,149.630005,150.729996,95744600,192.6890005,193.911850625,-6.100006000000008,156.830002,169.100006,162.12714271428572,6.6758544772865624
2018-12-24,148.149994,151.550003,146.589996,146.830002,37169200,191.3366006,193.74610065499996,-3.8999939999999924,150.729996,170.949997,158.68142914285713,7.53272151110131
2018-12-26,148.300003,157.229996,146.720001,157.169998,58582500,190.03780053999998,193.62335063999998,10.339995999999985,146.830002,165.479996,157.49428657142857,6.911947634074358
2018-12-27,155.839996,156.770004,150.070007,156.149994,53117100,188.81360039999998,193.504250605,-1.0200040000000001,157.169998,163.940002,156.38142828571426,6.301333466814864
2018-12-28,157.5,158.520004,154.550003,156.229996,42291400,187.49520044000002,193.393200575,0.08000200000000746,156.149994,166.070007,154.9757124285714,4.664813956581171
2018-12-31,158.529999,159.360001,156.479996,157.740005,35003500,186.2262005,193.28865063,1.5100089999999966,156.229996,160.889999,154.5257132857143,4.119222593899544
2019-01-02,154.889999,158.850006,154.229996,157.919998,37039700,185.06420038,193.1881506,0.17999299999999607,157.740005,156.830002,154.68142699999999,4.239686772740175
2019-01-03,143.979996,145.720001,142.0,142.190002,91312200,183.52180046,193.022600595,-15.729996,157.919998,150.729996,153.46142785714284,6.296199512517351
2019-01-04,144.529999,148.550003,143.800003,148.259995,58607100,182.07400048,192.887700545,6.069993000000011,142.190002,146.830002,153.66571257142854,6.064098434855344
2019-01-07,148.699997,148.830002,145.899994,147.929993,54777800,180.57800042000002,192.77100049,-0.33000200000000746,148.259995,157.169998,152.34571185714285,6.178745671019492
2019-01-08,149.559998,151.820007,148.520004,150.75,41025300,179.2912005,192.68050046,2.820007000000004,147.929993,156.149994,151.57428414285712,5.957759884985267
2019-01-09,151.289993,154.529999,149.630005,153.309998,45099100,177.96140039999997,192.62235044000002,2.5599980000000073,150.75,156.229996,151.15714157142858,5.672865403328482
2019-01-10,152.5,153.970001,150.860001,153.800003,35780700,176.71140039999997,192.527500435,0.49000499999999647,153.309998,157.740005,150.59428414285713,5.074796835388366
2019-01-11,152.880005,153.699997,151.509995,152.289993,27023200,175.51240016,192.44725042000002,-1.510009999999994,153.800003,157.919998,149.7899977142857,4.066173178800363
2019-01-14,150.850006,151.270004,149.220001,150.0,32439200,174.2464001,192.36485044,-2.2899930000000097,152.289993,142.190002,150.9057117142857,2.3371288623097737
2019-01-15,150.270004,153.389999,150.050003,153.070007,28710900,172.93060022,192.29130048000002,3.070007000000004,150.0,148.259995,151.5928562857143,2.127291369772784
2019-01-16,153.080002,155.880005,153.0,154.940002,30569700,171.58500024,192.23260052499998,1.8699949999999887,153.070007,147.929993,152.59428614285713,1.7281491111807676
2019-01-17,154.199997,157.660004,153.259995,155.860001,29821200,170.55260034000003,192.169950535,0.9199990000000184,154.940002,150.75,153.3242862857143,1.8908638587640474
2019-01-18,157.5,157.880005,155.979996,156.820007,33751000,169.65720055999998,192.096000565,0.9600059999999928,155.860001,153.309998,153.82571614285715,2.306224643583087
2019-01-22,156.410004,156.729996,152.619995,153.300003,30394000,168.64780054,191.998500565,-3.520004,156.820007,153.800003,153.7542875714286,2.31488054037216
2019-01-23,154.149994,155.139999,151.699997,153.919998,23130600,167.52720056,191.92620053000002,0.6199949999999887,153.300003,152.289993,153.98714542857144,2.223202396692405
2019-01-24,154.110001,154.479996,151.740005,152.699997,25441500,166.4114004,191.8394505,-1.2200009999999963,153.919998,150.0,154.37285928571427,1.5477817207973443
2019-01-25,155.479996,158.130005,154.320007,157.759995,33535500,165.47720028,191.76200047499998,5.059998000000007,152.699997,153.070007,155.04285757142858,1.8711293327821739
2019-01-28,155.789993,156.330002,153.660004,156.300003,26192100,164.71980037999998,191.68130048000003,-1.4599919999999997,157.759995,154.940002,155.23714342857144,1.9283998669013953
2019-01-29,156.25,158.130005,154.110001,154.679993,41587200,163.96880032,191.58400045000002,-1.6200100000000077,156.300003,155.860001,155.06857085714287,1.9164161144741156
2019-01-30,163.25,166.149994,160.229996,165.25,61109800,163.53780026,191.53660047000002,10.570007000000004,154.679993,156.820007,156.27285557142858,4.3296990553613055
2019-01-31,166.110001,169.0,164.559998,166.440002,40739600,163.03840022,191.48970044499998,1.1900019999999927,165.25,153.300003,158.14999828571428,5.512790040139655
2019-02-01,166.960007,168.979996,165.929993,166.520004,32668100,162.49820032,191.43110044000002,0.08000200000000746,166.440002,153.919998,159.94999914285714,5.941789794890817
2019-02-04,167.410004,171.660004,167.279999,171.25,31495500,162.2060003,191.39815046,4.729996,166.520004,152.699997,162.59999957142855,6.295490028584175
2019-02-05,172.860001,175.080002,172.350006,174.179993,36101600,162.15000024,191.40505041,2.929992999999996,171.25,157.759995,164.94571357142857,7.187409739326138
2019-02-06,174.649994,175.570007,172.850006,174.240005,28239600,162.09920036,191.44765042999998,0.0600120000000004,174.179993,156.300003,167.508571,6.777549053625366
2019-02-07,172.399994,173.940002,170.339996,170.940002,31741700,162.07220053999998,191.476150415,-3.300003000000004,174.240005,154.679993,169.83142942857143,3.764829197037052
2019-02-08,168.990005,170.660004,168.419998,170.410004,23820000,161.98800072,191.51350042500002,-0.5299980000000062,170.940002,165.25,170.56857285714287,3.1776622220037645
2019-02-11,171.050003,171.210007,169.25,169.429993,20993400,161.89180048,191.54240041999998,-0.9800109999999904,170.410004,166.440002,170.9957144285714,2.6944183199485283
2019-02-12,170.100006,171.0,169.699997,170.889999,22283500,161.69080042,191.57575041,1.4600059999999928,169.429993,166.520004,171.61999942857142,1.8623645400443318
2019-02-13,171.389999,172.479996,169.919998,170.179993,22490200,161.50340021999997,191.61505034,-0.7100059999999928,170.889999,171.25,171.46714128571426,1.9400846087394628
2019-02-14,169.710007,171.259995,169.380005,170.800003,21835700,161.34780024,191.64275038,0.6200100000000077,170.179993,174.179993,170.98428557142856,1.5295441214753869
2019-02-15,171.25,171.699997,169.75,170.419998,24626800,161.05980006,191.64935033999998,-0.38000500000001125,170.800003,174.240005,170.4385702857143,0.5277478203797663
2019-02-19,169.710007,171.440002,169.490005,170.929993,18972800,160.94459988,191.62115027,0.5099950000000035,170.419998,170.940002,170.4371404285714,0.5261740491633681
2019-02-20,171.190002,173.320007,170.990005,172.029999,26114400,160.89079984,191.59685027,1.1000060000000076,170.929993,170.410004,170.66856828571426,0.798196388894392
2019-02-21,171.800003,172.369995,170.300003,171.059998,17249700,160.9421997,191.53300025000001,-0.9700009999999963,172.029999,169.429993,170.90142614285716,0.58627267019088
2019-02-22,171.580002,173.0,171.380005,172.970001,18913200,161.0095996,191.47205023499998,1.910002999999989,171.059998,170.889999,171.19856928571429,0.9766530338745338
2019-02-25,174.160004,175.869995,173.949997,174.229996,21873400,161.12159942,191.4129502,1.2599950000000035,172.970001,170.179993,171.77714114285715,1.3863585039340336
2019-02-26,173.710007,175.300003,173.169998,174.330002,17070200,161.22619934,191.34780020500003,0.10000600000000759,174.229996,170.800003,172.28142671428571,1.597608183683317
2019-02-27,173.210007,175.0,172.729996,174.869995,27835400,161.3045993,191.271950215,0.5399929999999813,174.330002,170.419998,172.91714057142858,1.618690602808723
2019-02-28,174.320007,174.910004,172.919998,173.149994,28215400,161.45799926,191.194750205,-1.7200009999999963,174.869995,170.929993,173.23428357142853,1.3615164999091125
2019-03-01,174.279999,175.149994,172.889999,174.970001,25886200,161.67859924,191.12885024,1.820007000000004,173.149994,172.029999,173.65428385714287,1.3814228811877838
2019-03-04,175.690002,177.75,173.970001,175.850006,27436200,161.87419921999998,191.07590025999997,0.8800050000000113,174.970001,171.059998,174.33857071428568,1.0216907686175232
2019-03-05,175.940002,176.0,174.539993,175.529999,19737400,162.16699922,191.01265028999998,-0.3200070000000039,175.850006,172.970001,174.7042847142857,0.9012401963071607
2019-03-06,174.669998,175.490005,173.940002,174.520004,20810400,162.52079926,190.95030028500003,-1.0099950000000035,175.529999,174.229996,174.7457144285714,0.8822696108349404
2019-03-07,173.869995,174.440002,172.020004,172.5,24796400,162.95619934,190.88125029500003,-2.020004,174.520004,174.330002,174.48428557142856,1.2289832611561642
2019-03-08,170.320007,173.070007,169.5,172.910004,23999400,163.47779938,190.80765028999997,0.4100039999999865,172.5,174.869995,174.20428685714288,1.3443210727631636
2019-03-11,175.490005,179.119995,175.350006,178.899994,32011000,163.9123993,190.76635023999998,5.989990000000006,172.910004,173.149994,175.0257154285714,2.123602000422698
2019-03-12,180.0,182.669998,179.369995,180.910004,32467600,164.4075995,190.72910025499996,2.010009999999994,178.899994,174.970001,175.87428728571427,3.072440432141517
2019-03-13,182.25,183.300003,180.919998,181.710007,31032500,164.91719971999999,190.69690032,0.8000030000000038,180.910004,175.850006,176.71143028571427,3.7812854392845923
2019-03-14,183.899994,184.100006,182.559998,183.729996,23579500,165.43699954,190.67265029,2.0199890000000096,181.710007,175.529999,177.8828584285714,4.546931107641284
2019-03-15,184.850006,187.330002,183.740005,186.119995,39042900,166.00099948,190.663750295,2.389998999999989,183.729996,174.520004,179.54,5.185979442370351
2019-03-18,185.800003,188.389999,185.789993,188.020004,26219800,166.91759952,190.666350315,1.9000090000000114,186.119995,172.5,181.75714342857142,4.988404715273017
2019-03-19,188.350006,188.990005,185.919998,186.529999,31646400,167.68299960000002,190.664650335,-1.4900049999999965,188.020004,172.910004,183.702857,3.3494465896870866
2019-03-20,186.229996,189.490005,184.729996,188.160004,31035200,168.48759981999999,190.65425033000002,1.6300049999999828,186.529999,178.899994,185.02571557142855,2.9400038981218053
2019-03-21,190.020004,196.330002,189.809998,195.089996,51034200,169.37439974,190.6705503,6.929992000000027,188.160004,180.910004,187.05142871428572,4.232568175697439
2019-03-22,195.339996,197.690002,190.779999,191.050003,42407700,170.12919984,190.659250325,-4.03999300000001,195.089996,181.710007,188.3857138571429,3.7077260026183154
2019-03-25,191.509995,191.979996,186.600006,188.740005,43845300,170.82799988,190.63305037,-2.3099980000000073,191.050003,183.729996,189.10142942857144,3.0915870966556174
2019-03-26,191.660004,192.880005,184.580002,186.789993,49800500,171.51799988000002,190.5997003,-1.9500119999999868,188.740005,186.119995,189.19714342857145,2.9926889686960236
2019-03-27,188.75,189.759995,186.550003,188.470001,29848400,172.28739990000003,190.58355032,1.6800079999999866,186.789993,188.020004,189.26142871428573,2.9679194247695113
2019-03-28,188.949997,189.559998,187.529999,188.720001,20780400,173.00039978,190.57100034500002,0.25,188.470001,186.529999,189.57428614285712,2.7385687126360256
2019-03-29,189.830002,190.080002,188.539993,189.949997,23564000,173.70059967999998,190.55935033499998,1.2299959999999999,188.720001,188.160004,189.82999942857145,2.667139267708298
2019-04-01,191.639999,191.679993,188.380005,191.240005,27862000,174.40819976,190.562050375,1.2900080000000003,189.949997,195.089996,189.2800007142857,1.5750583544806163
2019-04-02,191.089996,194.460007,191.050003,194.020004,22765700,175.15219969999998,190.57815037999998,2.7799990000000037,191.240005,191.050003,189.70428657142858,2.3437664330895838
2019-04-03,193.25,196.5,193.149994,195.350006,23271800,175.99319975999998,190.61070043,1.3300020000000075,194.020004,188.740005,190.64857242857144,3.1000544353935697
2019-04-04,194.789993,196.369995,193.139999,195.690002,19114300,176.82859983999998,190.64545041500003,0.3399959999999851,195.350006,186.789993,191.92000228571428,3.078789393037032
2019-04-05,196.449997,197.100006,195.929993,197.0,18526600,177.7145999,190.702000405,1.3099980000000073,195.690002,188.470001,193.13857357142857,3.172357714624208
2019-04-08,196.419998,200.229996,196.339996,200.100006,25881700,178.56140012,190.77000043500001,3.1000060000000076,197.0,188.720001,194.76428857142858,3.4356036315139136
2019-04-09,200.320007,202.850006,199.229996,199.5,35768200,179.42540006,190.8402004,-0.6000060000000076,200.100006,189.949997,196.1285747142857,3.083311437401439
2019-04-10,198.679993,200.740005,198.179993,200.619995,21695300,180.34420010000002,190.91870038500002,1.1199949999999887,199.5,191.240005,197.46857328571429,2.605968330951946
2019-04-11,200.850006,201.0,198.440002,198.949997,20900800,181.01820004,191.00260038,-1.6699979999999925,200.619995,194.020004,198.172858,2.143839742261122
2019-04-12,199.199997,200.139999,196.210007,198.869995,27760700,181.6667999,191.07480038999998,-0.08000200000000746,198.949997,195.350006,198.67571357142856,1.7475579888251032
2019-04-15,198.580002,199.850006,198.009995,199.229996,17536600,182.32099974000002,191.15015035,0.3600010000000111,198.869995,195.690002,199.18142699999999,1.1493684110442535
2019-04-16,199.460007,201.369995,198.559998,199.25,25696400,182.88099974,191.21890035,0.020004000000000133,199.229996,197.0,199.50285557142857,0.6388988809043585
2019-04-17,199.539993,203.380005,198.610001,203.130005,28906800,183.45999998,191.30900037,3.8800050000000113,199.25,200.100006,199.93571257142858,1.5240963850659504
2019-04-18,203.119995,204.149994,202.520004,203.860001,24195800,184.05239989999998,191.39240041000002,0.7299959999999999,203.130005,199.5,200.55856985714286,2.0988788508382275
2019-04-22,202.830002,204.940002,202.339996,204.529999,19439500,184.72419984,191.49545041500002,0.6699979999999925,203.860001,200.619995,201.11714185714285,2.582512091525421
2019-04-23,204.429993,207.75,203.899994,207.479996,23323000,185.46559968000003,191.605850425,2.949996999999996,204.529999,198.949997,202.33571314285714,3.301797398895444
2019-04-24,207.360001,208.479996,207.050003,207.160004,17540600,186.22019989999998,191.70180044,-0.3199920000000134,207.479996,198.869995,203.52000014285713,3.338063972827169
2019-04-25,206.830002,207.759995,205.119995,205.279999,18543200,186.9079999,191.77530042499998,-1.8800049999999828,207.160004,199.229996,204.3842862857143,2.7785053894252716
2019-04-26,204.899994,205.0,202.119995,204.300003,18649100,187.5904001,191.84505041,-0.9799959999999999,205.279999,199.25,205.10571528571427,1.6494212413593297
2019-04-29,204.399994,205.970001,203.860001,204.610001,22204700,188.26660005999997,191.92870039000002,0.3099980000000073,204.300003,203.130005,205.31714328571428,1.4348595468071008
2019-04-30,203.059998,203.399994,199.110001,200.669998,46534900,188.87160006000002,191.97690038500002,-3.9400030000000186,204.610001,203.860001,204.86142857142858,2.2498850294471957
2019-05-01,209.880005,215.309998,209.229996,210.520004,64827300,189.66340028,192.072850395,9.850006000000008,200.669998,204.529999,205.71714357142855,3.0864161813184627
2019-05-02,209.839996,212.649994,208.130005,209.149994,31996300,190.40580018,192.164050345,-1.3700100000000077,210.520004,207.479996,205.9557147142857,3.3023776564373803
2019-05-03,210.889999,211.839996,210.229996,211.75,20892400,191.21960022,192.26555036,2.6000060000000076,209.149994,207.160004,206.61142842857143,3.9696325412911486
2019-05-06,204.289993,208.839996,203.5,208.479996,32443100,191.92980012,192.35595037,-3.270004,211.75,205.279999,207.06857085714287,3.9750027489087887
2019-05-07,205.880005,207.419998,200.830002,202.860001,38763700,192.50240022000003,192.41085035,-5.619994999999989,208.479996,204.300003,206.86285628571432,4.174420997606621
2019-05-08,201.899994,205.339996,201.75,202.899994,26339500,193.07380006,192.46815030999997,0.039992999999981294,202.860001,204.610001,206.6185695714286,4.3735175118220315
2019-05-09,200.399994,201.679993,196.660004,200.720001,34908600,193.59080018,192.51370031000002,-2.179992999999996,202.899994,200.669998,206.62571285714284,4.362208592425881
2019-05-10,197.419998,198.850006,192.770004,197.179993,41208700,194.07140015999997,192.534600275,-3.5400080000000003,200.720001,210.520004,204.719997,5.209079132311931
2019-05-13,187.710007,189.479996,182.850006,185.720001,57430600,194.28640015999997,192.489100245,-11.459992,197.179993,209.149994,201.37285514285713,8.423761004219527
2019-05-14,186.410004,189.699997,185.410004,188.660004,36529700,194.54260012000003,192.46135023,2.94000299999999,185.720001,211.75,198.0742842857143,8.200873506670082
2019-05-15,186.270004,191.75,186.020004,190.919998,26544700,194.8504001,192.46105024,2.259994000000006,188.660004,208.479996,195.5657131428571,7.0990660108697705
2019-05-16,189.910004,192.470001,188.839996,190.080002,33031400,195.16160006,192.46190023,-0.8399959999999851,190.919998,202.860001,193.73999899999998,6.531133079848106
2019-05-17,186.929993,190.899994,186.759995,189.0,32879100,195.49160006000002,192.455450265,-1.0800020000000075,190.080002,202.899994,191.7542855714286,5.274069795032177
2019-05-20,183.520004,184.350006,180.279999,183.089996,38612300,195.69519989999998,192.363400245,-5.9100039999999865,189.0,200.720001,189.23571342857144,4.419243796119166
2019-05-21,185.220001,188.0,184.699997,186.600006,28364800,195.84920014,192.25945028,3.510009999999994,183.089996,197.179993,187.72428671428568,2.7393063333818524
2019-05-22,184.660004,185.710007,182.550003,182.779999,29748600,195.88660004000002,192.13340025000002,-3.820007000000004,186.600006,185.720001,187.30428642857143,3.271513748144231
2019-05-23,179.800003,180.539993,177.809998,179.660004,36529700,195.84559998,191.986350235,-3.119995000000017,182.779999,188.660004,186.01857214285715,4.266975282496825
2019-05-24,180.199997,182.139999,178.619995,178.970001,23714700,195.75040008,191.845650235,-0.6900029999999902,179.660004,190.919998,184.3114297142857,4.368457034840328
2019-05-28,178.919998,180.589996,177.910004,178.229996,27948200,195.59260009999997,191.700550215,-0.7400049999999965,178.970001,190.080002,182.6185717142857,4.044492830587894
2019-05-29,176.419998,179.350006,176.0,177.380005,28481200,195.37980012,191.543050215,-0.8499909999999886,178.229996,189.0,180.95857242857142,3.3060123107846837
2019-05-30,177.949997,179.229996,176.669998,178.300003,21218400,195.2152002,191.39690023500003,0.9199979999999925,177.380005,183.089996,180.27428771428572,3.286984696461036
2019-05-31,176.229996,177.990005,174.990005,175.070007,27043600,194.95340026000002,191.227900295,-3.229996,178.300003,186.600006,178.627145,2.341790000651297
2019-06-03,175.600006,177.919998,170.270004,173.300003,40396100,194.51760040000002,191.04565031,-1.7700040000000001,175.070007,182.779999,177.27285985714283,2.280259862698402
2019-06-04,175.440002,179.830002,174.520004,179.639999,30968000,194.28940032,190.89265028000003,6.339995999999985,173.300003,179.660004,177.270002,2.2767792910175095
2019-06-05,184.279999,184.990005,181.139999,182.539993,29773400,194.16540008,190.73875021,2.899994000000021,179.639999,178.970001,177.78000085714285,3.004564869774829
2019-06-06,183.080002,185.470001,182.149994,185.220001,22526300,194.13400023999998,190.576950205,2.6800079999999866,182.539993,178.229996,178.778573,4.129881809563911
2019-06-07,186.509995,191.919998,185.770004,190.149994,30684400,194.1676001,190.45040014000003,4.929992999999996,185.220001,177.380005,180.60285714285715,5.865047275132938
2019-06-10,191.809998,195.369995,191.619995,192.580002,26220900,194.24480012,190.338100185,2.430008000000015,190.149994,178.300003,182.642857,7.250406230492465
2019-06-11,194.860001,196.0,193.600006,194.809998,26932900,194.34200014,190.23690016,2.229996,192.580002,175.070007,185.46285571428572,7.6423693620321345
2019-06-12,193.949997,195.970001,193.389999,194.190002,18221800,194.40100008000002,190.130400145,-0.6199960000000146,194.809998,173.300003,188.44714128571428,6.004459874881453
2019-06-13,194.699997,196.789993,193.600006,194.149994,21674600,194.40359988,190.02035009500003,-0.040008000000000266,194.190002,179.639999,190.51999771428572,4.851131616439383
2019-06-14,191.550003,193.589996,190.300003,192.740005,18761500,194.35139986,189.89435011,-1.409988999999996,194.149994,182.539993,191.97714228571428,3.3562363036197067
2019-06-17,192.899994,194.960007,192.169998,193.889999,14669100,194.31539980000002,189.76530012,1.1499939999999924,192.740005,185.220001,193.21571342857143,1.5730853906293525
2019-06-18,196.050003,200.289993,195.210007,198.449997,26551000,194.34439974,189.642650125,4.559998000000007,193.889999,190.149994,194.40142814285716,1.958112998227524
2019-06-19,199.679993,199.880005,197.309998,197.869995,21124200,194.29979952000002,189.50685010499998,-0.5800020000000075,198.449997,192.580002,195.15714142857146,2.1494527962607837
2019-06-20,200.369995,200.610001,198.029999,199.460007,21514000,194.29899966000002,189.366000115,1.5900120000000015,197.869995,194.809998,195.8214284285714,2.6778749963769424
2019-06-21,198.800003,200.850006,198.149994,198.779999,47800600,194.26219974,189.21810010499996,-0.6800079999999866,199.460007,194.190002,196.4771422857143,2.7721216295605813
2019-06-24,198.539993,200.160004,198.169998,198.580002,18220400,194.25479983999998,189.07665014000003,-0.1999969999999962,198.779999,194.149994,197.11000057142857,2.6555219995370325
2019-06-25,198.429993,199.259995,195.289993,195.570007,21070300,194.18880008,188.93900014500002,-3.0099950000000035,198.580002,192.740005,197.51428657142858,2.018306685372537
2019-06-26,197.770004,200.990005,197.350006,199.800003,26067500,194.20020022,188.83150014499998,4.229996,195.570007,193.889999,198.35857285714286,1.3868835040618877
2019-06-27,200.289993,201.570007,199.570007,199.740005,20899700,194.21000032,188.73855016000002,-0.05999800000000732,199.800003,198.449997,198.5428597142857,1.4834048668770636
2019-06-28,198.679993,199.5,197.050003,197.919998,31110600,194.10580018000002,188.60890012,-1.820007000000004,199.740005,197.869995,198.550003,1.4797405515902649
2019-07-01,203.169998,204.490005,200.649994,201.550003,27316700,194.05960022,188.5113001,3.6300050000000113,197.919998,199.460007,198.84857385714284,1.8567746866975299
2019-07-02,201.410004,203.130005,201.360001,202.729996,16935200,194.02360016,188.39290006000002,1.179992999999996,201.550003,198.779999,199.41285914285714,2.3635243309262033
2019-07-03,203.279999,204.440002,202.690002,204.410004,11362000,193.96220032000002,188.2957501,1.6800079999999866,202.729996,198.580002,200.24571657142857,2.970402015604948
2019-07-05,203.350006,205.080002,202.899994,204.229996,17265500,193.90360016000002,188.227500055,-0.18000799999998662,204.410004,195.570007,201.48285785714285,2.457584228760794
2019-07-08,200.809998,201.399994,198.410004,200.020004,25338600,193.79840026000002,188.13640005000002,-4.209992,204.229996,199.800003,201.51428657142858,2.4337675880994243
2019-07-09,199.199997,201.509995,198.809998,201.240005,20578000,193.7372003,188.05075010000002,1.2200009999999963,200.020004,199.740005,201.72857228571428,2.314630091093986
2019-07-10,201.850006,203.729996,201.559998,203.229996,17897100,193.7096002,187.96675008500003,1.9899910000000034,201.240005,197.919998,202.48714342857141,1.6261456771651168
2019-07-11,203.309998,204.389999,201.710007,201.75,20191800,193.73120024,187.887200065,-1.4799959999999999,203.229996,201.550003,202.51571442857144,1.608598391836453
2019-07-12,202.449997,204.0,202.199997,203.300003,17595200,193.58680022000001,187.799750115,1.5500030000000038,201.75,202.729996,202.59714400000001,1.6354565755476187
2019-07-15,204.089996,205.869995,204.0,205.210007,16947400,193.50800048000002,187.71485013999998,1.9100039999999865,203.300003,204.410004,202.71143014285713,1.8026587624504875
2019-07-16,204.589996,206.110001,203.5,204.5,16866800,193.36300048,187.63525015,-0.7100069999999903,205.210007,204.229996,202.7500021428571,1.8430046554539399
2019-07-17,204.050003,205.089996,203.270004,203.350006,14107500,193.26040068000003,187.52725019500002,-1.1499939999999924,204.5,200.020004,203.2257167142857,1.3966019030996053
2019-07-18,204.0,205.880005,203.699997,205.660004,18582200,193.31640073999998,187.42685019,2.309997999999979,203.350006,201.240005,203.85714514285715,1.3475144902581118
2019-07-19,205.789993,206.5,202.360001,202.589996,20929300,193.31020078,187.30350019500003,-3.070007999999973,205.660004,203.229996,203.76571657142858,1.4170749466110228
2019-07-22,203.649994,207.229996,203.610001,207.220001,22277900,193.44020078000003,187.19320020499998,4.630004999999983,202.589996,201.75,204.5471452857143,1.6146805770000703
2019-07-23,208.460007,208.910004,207.289993,208.839996,18355200,193.67340084,187.07705015,1.6199950000000172,207.220001,203.300003,205.33857285714288,2.1653275488578956
2019-07-24,207.669998,209.149994,207.169998,208.669998,14991600,194.13240078,186.98045011500002,-0.16999800000002097,208.839996,205.210007,205.83285728571428,2.5001168303235004
2019-07-25,208.889999,209.240005,206.729996,207.020004,13909600,194.49960078,186.89410016999997,-1.6499939999999924,208.669998,204.5,206.19285785714285,2.457271891371894
2019-07-26,207.479996,209.729996,207.139999,207.740005,17618900,194.83600092,186.813950175,0.7200009999999963,207.020004,203.350006,206.82000057142858,2.152046026466473
2019-07-29,208.460007,210.639999,208.440002,209.679993,21673400,195.22800074,186.72800016499997,1.9399879999999996,207.740005,205.660004,207.3942847142857,2.3206737997394815
2019-07-30,208.759995,210.160004,207.309998,208.779999,33935700,195.62360071999998,186.690100155,-0.8999939999999924,209.679993,202.589996,208.27857085714285,0.9728344723079749
2019-07-31,216.419998,221.369995,211.300003,213.039993,69281400,196.22260066,186.683050135,4.259994000000006,208.779999,207.220001,209.10999828571428,1.931757022343564
2019-08-01,213.899994,218.029999,206.740005,208.429993,54017900,196.6592004,186.614650095,-4.610000000000014,213.039993,208.839996,209.0514264285714,1.9474599900642369
2019-08-02,205.529999,206.429993,201.630005,204.020004,40862100,197.0840005,186.54795011,-4.409988999999996,208.429993,208.669998,208.3871415714286,2.7336302446260605
2019-08-05,197.990005,198.649994,192.580002,193.339996,52393000,197.35760034000003,186.40390012,-10.680007999999987,204.020004,207.020004,206.43285471428572,6.359366723641275
2019-08-06,196.309998,198.070007,194.039993,197.0,35824800,197.71820032000002,186.28295010999997,3.6600039999999865,193.339996,207.740005,204.89856828571428,7.2277374633147025
2019-08-07,195.410004,199.559998,193.820007,199.039993,33364400,198.13440026,186.19805005499998,2.0399930000000097,197.0,209.679993,203.37856828571427,7.173204945160012
2019-08-08,200.199997,203.529999,199.389999,203.429993,27009500,198.65540002,186.11865003,4.389999999999986,199.039993,208.779999,202.6142817142857,6.775783695248245
2019-08-09,201.300003,202.759995,199.289993,200.990005,24619700,199.10920006,186.020350085,-2.4399879999999996,203.429993,213.039993,200.89285485714285,4.977735666090109
2019-08-12,199.619995,202.050003,199.149994,200.479996,22474900,199.61739984,185.90910008499998,-0.5100089999999966,200.990005,208.429993,199.75714100000002,3.7193232687110367
2019-08-13,201.020004,212.139999,200.479996,208.970001,47218500,200.3307998,185.87850010999998,8.490004999999996,200.479996,204.020004,200.4642834285714,4.93633853826035
2019-08-14,203.160004,206.440002,202.589996,202.75,36547400,200.79299982,185.793250095,-6.220000999999996,208.970001,193.339996,201.8085697142857,3.830228856090715
2019-08-15,203.460007,205.139999,199.669998,201.740005,27227400,201.17700005999998,185.72045010499997,-1.0099950000000035,202.75,197.0,202.4857132857143,3.2066756682685678
2019-08-16,204.279999,207.160004,203.839996,206.5,27620400,201.60260004,185.69175008,4.7599950000000035,201.740005,199.039993,203.5514285714286,3.1088014596859392
2019-08-19,210.619995,212.729996,210.029999,210.350006,24413600,202.00660028000001,185.677000095,3.8500060000000076,206.5,203.429993,204.54000185714284,4.028085723189027
2019-08-20,210.880005,213.350006,210.320007,210.360001,26884300,202.36220025999998,185.634500095,0.009995000000003529,210.350006,200.990005,205.8785727142857,4.204766270161995
2019-08-21,212.990005,213.649994,211.600006,212.639999,21535400,202.71880027999998,185.586600085,2.2799979999999778,210.360001,200.479996,207.615716,4.113573945520015
2019-08-22,213.190002,214.440002,210.75,212.460007,22253700,203.08420038,185.61150013999998,-0.1799919999999986,212.639999,208.970001,208.1142882857143,4.498555153128776
2019-08-23,209.429993,212.050003,201.0,202.639999,46818000,203.25400048,185.616750155,-9.820008000000001,212.460007,202.75,208.09857385714287,4.520555212268846
2019-08-26,205.860001,207.190002,205.059998,206.490005,26043600,203.52900048000004,185.63035016,3.8500060000000076,202.639999,201.740005,208.77714528571428,3.6865837423116328
2019-08-27,207.860001,208.550003,203.529999,204.160004,25873300,203.73440058,185.601400195,-2.33000100000001,206.490005,206.5,208.44286014285714,4.018618652333747
2019-08-28,204.100006,205.720001,203.320007,205.529999,15938800,203.87600062,185.586600165,1.3699950000000172,204.160004,210.350006,207.7542877142857,4.050193535061682
2019-08-29,208.5,209.320007,206.660004,209.009995,20990500,204.09880062,185.60930013499998,3.479996,205.529999,210.360001,207.5614297142857,3.935968869110278
2019-08-30,210.160004,210.449997,207.199997,208.740005,21143400,204.28440058,185.68215017000003,-0.26999000000000706,209.009995,212.639999,207.0042877142857,3.3260444196466605
2019-09-03,206.429993,206.979996,204.220001,205.699997,20023000,204.42280054,185.74950017499998,-3.0400080000000003,208.740005,212.460007,206.038572,2.3015749081118027
2019-09-04,208.389999,209.479996,207.320007,209.190002,19188100,204.63500054,185.86145017,3.4900049999999965,205.699997,202.639999,206.97428671428568,2.001489477395926
2019-09-05,212.0,213.970001,211.509995,213.279999,23913700,204.98920038,185.970800145,4.089997000000011,209.190002,206.490005,207.94428585714286,3.081583766511863
2019-09-06,214.050003,214.419998,212.509995,213.259995,19362300,205.25840022,186.069450125,-0.020004000000000133,213.279999,204.160004,209.24428457142858,3.138018190337298
2019-09-09,214.839996,216.440002,211.070007,214.169998,27309400,205.54700008,186.21100011,0.910002999999989,213.259995,205.529999,210.47857014285714,3.1327692315469156
2019-09-10,213.860001,216.779999,211.710007,216.699997,31777900,205.92260005999998,186.409600115,2.5299990000000037,214.169998,209.009995,211.57714185714283,3.807599393697817
2019-09-11,218.070007,223.710007,217.729996,223.589996,44289600,206.36339992,186.64365009999997,6.889999000000017,216.699997,208.740005,213.69856914285714,5.65306733653995
2019-09-12,224.800003,226.419998,222.860001,223.089996,32226700,206.77059992000002,186.897650115,-0.5,223.589996,205.699997,216.1828547142857,5.365989196697702
2019-09-13,220.0,220.789993,217.020004,218.75,39763300,207.05739984,187.11830014,-4.3399960000000135,223.089996,209.190002,217.54856871428572,4.423367176713637
2019-09-16,217.729996,220.130005,217.559998,219.899994,21158100,207.3707998,187.34660008499998,1.1499939999999924,218.75,213.279999,218.4942822857143,4.0506163612150905
2019-09-17,219.960007,220.820007,219.119995,220.699997,18318700,207.78439966,187.54540006000002,0.8000030000000038,219.899994,213.259995,219.5571397142857,3.366618235252447
2019-09-18,221.059998,222.850006,219.440002,222.770004,25340000,208.21499963999997,187.761500065,2.070007000000004,220.699997,214.169998,220.78571200000002,2.541003151370757
2019-09-19,222.009995,223.759995,220.369995,220.960007,22060600,208.56959985999998,187.97340008999998,-1.8099970000000098,222.770004,216.699997,221.39428485714285,1.8020806178924962
2019-09-20,221.380005,222.559998,217.470001,217.729996,55413100,208.88919977999998,188.137950035,-3.2300109999999904,220.960007,223.589996,220.55714199999997,1.9657558166074163
2019-09-23,218.949997,219.839996,217.649994,218.720001,19165500,209.19759974000002,188.34810002999998,0.9900049999999965,217.729996,223.089996,219.932857,1.703760102593761
2019-09-24,221.029999,222.490005,217.190002,217.679993,31190800,209.44699946,188.56289998999998,-1.0400080000000003,218.720001,218.75,219.77999885714286,1.8676847146633997
2019-09-25,218.550003,221.5,217.139999,221.029999,21903400,209.77759944,188.82559996,3.3500060000000076,217.679993,219.899994,219.94142814285715,1.9276567287406545
2019-09-26,220.0,220.940002,218.830002,219.889999,18833500,210.10839929999997,189.07704992499998,-1.1400000000000148,221.029999,220.699997,219.82571414285712,1.8986246302824092
2019-09-27,220.539993,220.960007,217.279999,218.820007,25352000,210.37159936,189.327999935,-1.069991999999985,219.889999,222.770004,219.26142885714285,1.3989479278426253
2019-09-30,220.899994,224.580002,220.789993,223.970001,25977400,210.79919945999998,189.60234991,5.149993999999992,218.820007,220.960007,219.69142800000003,2.226114735961379
2019-10-01,225.070007,228.220001,224.199997,224.589996,34805800,211.14659936,189.87054990500002,0.6199950000000172,223.970001,217.729996,220.67142800000002,2.682022677818347
2019-10-02,223.059998,223.580002,217.929993,218.960007,34612300,211.34899958000003,190.13794996000001,-5.629989000000023,224.589996,218.720001,220.70571457142856,2.654309055920245
2019-10-03,218.429993,220.960007,215.130005,220.820007,28606500,211.59199976,190.42234998499995,1.8600000000000136,218.960007,217.679993,221.15428799999998,2.2993362908935846
2019-10-04,225.639999,227.490005,223.889999,227.009995,34619700,211.99179958000002,190.727049925,6.189988,220.820007,221.029999,222.00857314285716,3.185564294566671
2019-10-07,226.270004,229.929993,225.839996,227.059998,30576500,212.37819944,191.05789992,0.050003000000003794,227.009995,219.889999,223.0328587142857,3.525415564502851
2019-10-08,225.820007,228.059998,224.330002,224.399994,27955000,212.67259946000001,191.39574988,-2.660004000000015,227.059998,218.820007,223.82999971428575,3.006776577453993
2019-10-09,227.029999,227.789993,225.639999,227.029999,18692600,213.03759946,191.77724989499998,2.6300050000000113,224.399994,223.970001,224.26714228571427,3.243634072935322
2019-10-10,227.929993,230.440002,227.300003,230.089996,28253400,213.37859952,192.19354986500002,3.05999700000001,227.029999,224.589996,225.05285657142858,3.928675227952384
2019-10-11,232.949997,237.639999,232.309998,236.210007,41698900,213.9341998,192.58874991000002,6.120010999999977,230.089996,218.960007,227.5171422857143,4.78639034998641
2019-10-14,234.899994,238.130005,234.669998,235.869995,24106900,214.57119962000002,192.98734991499998,-0.34001200000000154,236.210007,220.820007,229.66714057142858,4.655073836257215
2019-10-15,236.389999,237.649994,234.880005,235.320007,21840000,215.41079984,193.38279996999998,-0.5499879999999848,235.869995,227.009995,230.85428514285715,4.916766640168541
2019-10-16,233.369995,235.240005,233.199997,234.369995,18475800,216.15819974,193.76594992,-0.9500120000000152,235.320007,227.059998,231.89857042857145,4.750042872345034
2019-10-17,235.089996,236.149994,233.520004,235.279999,16896300,216.88299986,194.152749925,0.9100040000000149,234.369995,224.399994,233.45285685714285,3.504097847496059
2019-10-18,234.589996,237.580002,234.289993,236.410004,24358400,217.54260007999997,194.623849935,1.1300049999999828,235.279999,227.029999,234.79285757142858,2.183064097410176
2019-10-21,237.520004,240.990005,237.320007,240.509995,21811800,218.33299988,195.085099935,4.099991000000017,236.410004,230.089996,236.28142885714283,1.9854661597466863
2019-10-22,241.160004,242.199997,239.619995,239.960007,20573400,219.12260009999997,195.54525000499999,-0.5499880000000132,240.509995,236.210007,236.81714314285713,2.4211003947584753
2019-10-23,242.100006,243.240005,241.220001,243.179993,18957200,219.80679994,196.00739997,3.219986000000006,239.960007,235.869995,237.86142857142858,3.3447821811178646
2019-10-24,244.509995,244.800003,241.809998,243.580002,17318800,220.62339998,196.45874999,0.4000090000000114,243.179993,235.320007,239.04142785714285,3.733226426050804
2019-10-25,243.160004,246.729996,242.880005,246.580002,18369300,221.52019992,196.922649985,3.0,243.580002,234.369995,240.78571457142857,4.02765315177705
2019-10-28,247.419998,249.25,246.720001,249.050003,24143200,222.37119997999997,197.40645003499998,2.4700009999999963,246.580002,235.279999,242.752858,4.2471544564816925
2019-10-29,248.970001,249.75,242.570007,243.289993,35709900,223.02999971999998,197.87290000000002,-5.760009999999994,249.050003,236.410004,243.73571357142856,3.202202561939994
2019-10-30,244.759995,245.300003,241.210007,243.259995,31130500,223.6879996,198.32384994,-0.029998000000006186,243.289993,240.509995,244.12857071428576,2.894399713252532
2019-10-31,247.240005,249.169998,237.259995,248.759995,34790500,224.41039952,198.79294990500003,5.5,243.259995,239.960007,245.38571185714287,2.685629619017344
2019-11-01,249.539993,255.929993,249.160004,255.820007,37781300,225.27759952,199.292749935,7.060012,248.759995,243.179993,247.19142814285715,4.55449739311427
2019-11-04,257.329987,257.850006,255.380005,257.5,25818000,226.37479954000003,199.7961499,1.679992999999996,255.820007,243.580002,249.1799992857143,5.627373982602865
2019-11-05,257.049988,258.190002,256.320007,257.130005,19974400,227.38759953999997,200.31529991,-0.36999500000001717,257.5,246.580002,250.68714257142855,6.198740012107284
2019-11-06,256.769989,257.48999,255.369995,257.23999,18966100,228.44919926,200.83189986999997,0.10998499999999467,257.130005,249.050003,251.85714071428575,6.598277304114786
2019-11-07,258.73999,260.350006,258.109985,259.429993,23735100,229.52719913999996,201.36554984999998,2.190003000000047,257.23999,243.289993,254.162855,5.8872945612199175
2019-11-08,258.690002,260.440002,256.850006,260.140015,17496600,230.54979953999998,201.87744995,0.7100219999999808,259.429993,243.259995,256.5742864285714,3.744117569524106
2019-11-11,258.299988,262.470001,258.279999,262.200012,20455300,231.61899967999997,202.406949995,2.05999700000001,260.140015,248.759995,258.49428885714286,2.194359080341494
2019-11-12,261.549988,262.790009,260.920013,261.959991,21847200,232.74419955999997,202.943349985,-0.24002100000001292,262.200012,255.820007,259.37142942857145,2.1742795534040718
2019-11-13,261.130005,264.779999,261.070007,264.470001,25683600,233.84979954000002,203.43944998999999,2.5100100000000225,261.959991,257.5,260.3671438571429,2.705488337254171
2019-11-14,263.75,264.880005,262.100006,262.640015,22295700,234.83699986,203.920450055,-1.8299860000000194,264.470001,257.130005,261.1542881428571,2.389829325286411
2019-11-15,263.679993,265.779999,263.01001,265.76001,25051600,235.88700015999999,204.41665008500001,3.119995000000017,262.640015,257.23999,262.3714338571429,2.2281735146960786
2019-11-18,265.799988,267.429993,264.230011,267.100006,21675800,236.94560032,204.89590011500002,1.339995999999985,265.76001,259.429993,263.46715,2.4183915592694487
2019-11-19,267.899994,268.0,265.390015,266.290009,19041800,237.93740056000001,205.356450195,-0.8099970000000098,267.100006,260.140015,264.3457205714286,2.105041895326214
2019-11-20,265.540009,266.079987,260.399994,263.190002,26558600,238.72940068,205.80120018000002,-3.100007000000005,266.290009,262.200012,264.4871477142857,1.9654862406097668
2019-11-21,263.690002,264.01001,261.179993,262.01001,30348800,239.50780096,206.25655021999998,-1.1799919999999702,263.190002,261.959991,264.49429328571426,1.9548294791276037
2019-11-22,262.589996,263.179993,260.839996,261.779999,16331300,240.36840094,206.713400195,-0.23001100000004726,262.01001,264.470001,264.1100072857143,2.208363760817051
2019-11-25,262.709991,266.440002,262.519989,266.369995,21005100,241.29780096,207.198100205,4.589996000000042,261.779999,262.640015,264.64286157142857,2.2442650734920284
2019-11-26,266.940002,267.160004,262.5,264.290009,26301900,242.1696012,207.665100255,-2.0799860000000194,266.369995,265.76001,264.43286142857147,2.1904390057048677
2019-11-27,265.579987,267.980011,265.309998,267.839996,16308900,243.07100104,208.15340027,3.5499869999999873,264.290009,267.100006,264.5385742857143,2.3524744983402064
2019-11-29,266.600006,268.0,265.899994,267.25,11654400,243.9968009,208.635650255,-0.5899959999999851,267.839996,266.290009,264.67571585714285,2.495244435702781
2019-12-02,267.269989,268.25,263.450012,264.160004,23621800,244.92540106,209.104350285,-3.089995999999985,267.25,263.190002,264.81428757142857,2.424928417422035
2019-12-03,258.309998,259.529999,256.290009,259.450012,28607600,245.74000128,209.54695037999997,-4.709992,264.160004,262.01001,264.44857357142854,3.034713593783319
2019-12-04,261.070007,263.309998,260.679993,261.73999,16795400,246.62120122,209.995500335,2.2899779999999623,259.450012,261.779999,264.442858,3.0406091939938604
2019-12-05,263.790009,265.890015,262.730011,265.579987,18606100,247.51220098000002,210.46810028,3.8399970000000394,261.73999,266.369995,264.32999971428575,2.971023168901326
2019-12-06,267.480011,271.0,267.299988,270.709991,26518900,248.52860081999998,210.95680023,5.130003999999985,265.579987,264.290009,265.24714,3.8248428604692575
2019-12-09,270.0,270.799988,264.910004,266.920013,32010600,249.49060094,211.420250315,-3.789978000000019,270.709991,267.839996,265.11571385714285,3.7356665952210855
2019-12-10,268.600006,270.070007,265.859985,268.480011,22605100,250.38080114000002,211.89100036,1.5599980000000073,266.920013,267.25,265.2914297142857,3.8789692564002443
2019-12-11,268.809998,271.100006,268.5,270.769989,19689200,251.30440099999998,212.37050033000003,2.289978000000019,268.480011,264.160004,266.23571328571427,4.335343169997129
2019-12-12,267.779999,272.559998,267.320007,271.459991,34327600,252.35440068,212.862050315,0.6900019999999927,270.769989,259.450012,267.95142457142856,3.497925137263515
2019-12-13,271.459991,275.299988,270.929993,275.149994,33396900,253.44100042,213.36295028,3.69000299999999,271.459991,261.73999,269.8671394285714,3.1874917014555817
2019-12-16,277.0,280.790009,276.980011,279.859985,32046500,254.49800022,213.883000175,4.709991000000002,275.149994,265.579987,271.90713914285715,4.345624521855524
2019-12-17,279.570007,281.769989,278.799988,280.410004,28539600,255.56500034,214.4074002,0.5500190000000202,279.859985,270.709991,273.29285528571427,5.334335282122526
2019-12-18,279.799988,281.899994,279.119995,279.73999,29007100,256.67180026,214.93350013,-0.6700140000000374,280.410004,266.920013,275.1242805714286,4.969983142125586
2019-12-19,279.5,281.179993,278.950012,280.019989,24592300,257.73160006,215.47110007499998,0.2799990000000321,279.73999,268.480011,276.77284885714283,4.262268483042323
2019-12-20,282.230011,282.649994,278.559998,279.440002,68994500,258.71860018,216.003750065,-0.5799870000000169,280.019989,270.769989,278.01142214285716,3.3995717540003154
2019-12-23,280.529999,284.25,280.369995,283.8092895,24643000,259.67058583,216.5282965425,4.3692874999999844,279.440002,271.459991,279.77560764285715,2.524879244179796
2019-12-24,284.1507185,284.890015,280.97784824999997,283.8092895,12119700,260.62937172,217.04279297000002,0.0,283.8092895,275.149994,281.01264985714283,1.9327210894801194
2019-12-26,284.1507185,288.44820374999995,280.97784824999997,283.8092895,23280300,261.59915737,217.5532893825,0.0,283.8092895,279.859985,281.5768362142857,2.108588712794051
2019-12-27,284.1507185,288.44820374999995,280.97784824999997,283.8092895,36566500,262.58794326,218.05368585,0.0,283.8092895,280.410004,282.06244842857143,2.185119899696367
2019-12-30,284.1507185,288.44820374999995,280.97784824999997,283.8092895,36028600,263.55852907,218.5421323225,0.0,283.8092895,279.73999,282.6437769285714,1.9975207407474946
